"Player","Year","Age","RPG","APG","SPG","BPG","TOPG","PPG","TS","3PAr","FTr","WS48","Perc","allstarFlag","allNBAFlag"
Larry Bird,"1980",23,10.4,4.5,1.7,0.6,3.2,21.3,0.538,0.098,0.246,0.182,0.744,1,1
Kareem Abdul-Jabbar,"1980",32,10.8,4.5,1.0,3.4,3.6,24.8,0.639,0.001,0.344,0.227,0.732,1,1
Dennis Johnson,"1980",25,5.1,4.1,1.8,1.0,2.8,19.0,0.489,0.043,0.358,0.12,0.683,1,1
Julius Erving,"1980",29,7.4,4.6,2.2,1.8,3.6,26.9,0.568,0.012,0.331,0.213,0.72,1,1
Marques Johnson,"1980",23,7.4,3.5,1.3,0.9,2.4,21.7,0.585,0.007,0.29,0.206,0.598,1,1
Paul Westphal,"1980",29,2.3,5.1,1.5,0.4,2.5,21.9,0.593,0.071,0.336,0.189,0.671,1,1
Dan Roundfield,"1980",26,10.3,2.3,1.2,1.7,2.9,16.5,0.551,0.004,0.462,0.169,0.61,1,1
Moses Malone,"1980",24,14.5,1.8,1.0,1.3,3.7,25.8,0.56,0.004,0.505,0.183,0.5,1,1
George Gervin,"1980",27,5.2,2.6,1.4,1.0,3.3,33.1,0.587,0.053,0.306,0.173,0.5,1,1
Julius Erving,"1981",30,8.0,4.4,2.1,1.8,3.2,24.6,0.572,0.012,0.352,0.231,0.756,1,1
Marques Johnson,"1981",24,6.8,4.6,1.5,0.5,2.5,20.3,0.583,0.008,0.33,0.211,0.732,1,1
Larry Bird,"1981",24,10.9,5.5,2.0,0.8,3.5,21.2,0.528,0.049,0.218,0.16,0.756,1,1
Dennis Johnson,"1981",26,4.6,3.7,1.7,0.8,2.6,18.8,0.516,0.042,0.411,0.154,0.695,1,1
Kareem Abdul-Jabbar,"1981",33,10.3,3.4,0.7,2.9,3.1,26.2,0.616,0.001,0.379,0.23,0.659,1,1
George Gervin,"1981",28,5.1,3.2,1.1,0.7,3.1,27.1,0.555,0.02,0.359,0.182,0.634,1,1
Moses Malone,"1981",25,14.8,1.8,1.0,1.9,3.9,27.8,0.585,0.002,0.52,0.202,0.488,1,1
Otis Birdsong,"1981",25,3.6,3.3,1.3,0.3,2.4,24.6,0.58,0.027,0.348,0.152,0.488,1,1
Larry Bird,"1982",25,10.9,5.8,1.9,0.9,3.3,22.9,0.557,0.037,0.269,0.205,0.768,1,1
Robert Parish,"1982",28,10.8,1.8,0.9,2.4,2.8,19.9,0.571,0.0,0.287,0.19,0.768,1,1
Julius Erving,"1982",31,6.9,3.9,2.0,1.7,2.6,24.4,0.593,0.008,0.377,0.229,0.707,1,1
Sidney Moncrief,"1982",24,6.7,4.8,1.7,0.3,2.6,19.8,0.601,0.013,0.539,0.216,0.671,1,1
Magic Johnson,"1982",22,9.6,9.5,2.7,0.4,3.7,18.6,0.59,0.028,0.418,0.207,0.695,1,1
Gus Williams,"1982",28,3.1,6.9,2.2,0.5,2.5,23.4,0.526,0.025,0.274,0.171,0.634,1,1
George Gervin,"1982",29,5.0,2.4,1.0,0.6,2.7,32.3,0.562,0.018,0.323,0.182,0.585,1,1
Bernard King,"1982",25,5.9,3.6,1.0,0.3,3.4,23.2,0.6,0.004,0.382,0.147,0.549,1,1
Alex English,"1982",28,6.8,5.3,1.1,1.5,3.2,25.4,0.596,0.005,0.285,0.152,0.561,1,1
Moses Malone,"1982",26,14.7,1.8,0.9,1.5,3.6,31.1,0.576,0.003,0.454,0.218,0.561,1,1
Julius Erving,"1983",32,6.8,3.7,1.6,1.8,2.7,21.4,0.566,0.006,0.372,0.217,0.793,1,1
Moses Malone,"1983",27,15.3,1.3,1.1,2.0,3.4,24.5,0.578,0.001,0.604,0.248,0.793,1,1
Kareem Abdul-Jabbar,"1983",35,7.5,2.5,0.8,2.2,2.5,21.8,0.619,0.002,0.302,0.205,0.707,1,1
Magic Johnson,"1983",23,8.6,10.5,2.2,0.6,3.8,16.8,0.603,0.023,0.407,0.207,0.707,1,1
Larry Bird,"1983",26,11.0,5.8,1.9,0.9,3.0,23.6,0.561,0.052,0.282,0.225,0.683,1,1
Sidney Moncrief,"1983",25,5.8,3.9,1.5,0.3,2.6,22.5,0.602,0.009,0.522,0.233,0.622,1,1
George Gervin,"1983",30,4.6,3.4,1.1,0.9,3.2,26.2,0.561,0.021,0.39,0.159,0.646,1,1
Buck Williams,"1983",22,12.5,1.5,1.1,1.3,3.0,17.0,0.611,0.004,0.573,0.185,0.598,1,1
Alex English,"1983",29,7.3,4.8,1.4,1.5,3.2,28.4,0.561,0.006,0.264,0.166,0.549,1,1
Isiah Thomas,"1983",21,4.0,7.8,2.5,0.4,4.0,22.9,0.525,0.081,0.337,0.115,0.451,1,1
Larry Bird,"1984",27,10.1,6.6,1.8,0.9,3.0,24.2,0.552,0.047,0.273,0.215,0.756,1,1
Sidney Moncrief,"1984",26,6.7,4.5,1.4,0.3,2.7,20.9,0.591,0.016,0.555,0.198,0.61,1,1
Bernard King,"1984",27,5.1,2.1,1.0,0.2,2.6,26.3,0.619,0.003,0.403,0.218,0.573,1,1
Kareem Abdul-Jabbar,"1984",36,7.3,2.6,0.7,1.8,2.8,21.5,0.608,0.001,0.318,0.163,0.659,1,1
Magic Johnson,"1984",24,7.3,13.1,2.2,0.7,4.6,17.6,0.628,0.037,0.459,0.191,0.659,1,1
Jim Paxson,"1984",26,2.1,3.1,1.5,0.1,1.8,21.3,0.573,0.045,0.31,0.17,0.585,1,1
Isiah Thomas,"1984",22,4.0,11.1,2.5,0.4,3.7,21.3,0.52,0.045,0.365,0.144,0.598,1,1
Julius Erving,"1984",33,6.9,4.0,1.8,1.8,3.0,22.4,0.562,0.016,0.365,0.18,0.634,1,1
Moses Malone,"1984",28,13.4,1.4,1.0,1.5,3.5,22.7,0.566,0.004,0.66,0.175,0.634,1,1
Kareem Abdul-Jabbar,"1985",37,7.9,3.2,0.8,2.1,2.5,22.0,0.628,0.001,0.327,0.204,0.756,1,1
Magic Johnson,"1985",25,6.2,12.6,1.5,0.3,4.0,18.3,0.637,0.041,0.516,0.22,0.756,1,1
Sidney Moncrief,"1985",27,5.4,5.2,1.6,0.5,2.5,21.7,0.565,0.028,0.472,0.197,0.72,1,1
Terry Cummings,"1985",23,9.1,2.9,1.5,0.8,2.4,23.6,0.536,0.001,0.302,0.189,0.72,1,1
Larry Bird,"1985",28,10.5,6.6,1.6,1.2,3.1,28.7,0.585,0.074,0.26,0.238,0.768,1,1
Moses Malone,"1985",29,13.1,1.6,0.8,1.6,3.6,24.6,0.577,0.002,0.704,0.193,0.707,1,1
Isiah Thomas,"1985",23,4.5,13.9,2.3,0.3,3.7,21.2,0.529,0.08,0.35,0.173,0.561,1,1
Ralph Sampson,"1985",24,10.4,2.7,1.0,2.0,4.0,22.1,0.533,0.004,0.299,0.096,0.585,1,1
Michael Jordan,"1985",21,6.5,5.9,2.4,0.8,3.5,28.2,0.592,0.032,0.459,0.213,0.463,1,1
Bernard King,"1985",28,5.8,3.7,1.3,0.3,3.7,32.9,0.585,0.008,0.424,0.166,0.293,1,1
Larry Bird,"1986",29,9.8,6.8,2.0,0.6,3.2,25.8,0.58,0.121,0.306,0.244,0.817,1,1
Sidney Moncrief,"1986",28,4.6,4.9,1.4,0.2,2.4,20.2,0.604,0.107,0.603,0.219,0.695,1,1
Kareem Abdul-Jabbar,"1986",38,6.1,3.5,0.8,1.6,2.6,23.4,0.603,0.001,0.328,0.197,0.756,1,1
Magic Johnson,"1986",26,5.9,12.6,1.6,0.2,3.8,18.8,0.61,0.047,0.473,0.226,0.756,1,1
Hakeem Olajuwon,"1986",23,11.5,2.0,2.0,3.4,2.9,23.5,0.56,0.0,0.453,0.186,0.622,1,1
Dominique Wilkins,"1986",26,7.9,2.6,1.8,0.6,3.2,30.3,0.536,0.037,0.372,0.17,0.61,1,1
Alex English,"1986",32,5.0,4.0,0.9,0.4,3.1,29.8,0.562,0.003,0.314,0.156,0.573,1,1
Isiah Thomas,"1986",24,3.6,10.8,2.2,0.3,3.8,20.9,0.554,0.067,0.37,0.151,0.561,1,1
Alvin Robertson,"1986",23,6.3,5.5,3.7,0.5,3.1,17.0,0.563,0.027,0.299,0.143,0.427,1,1
Magic Johnson,"1987",27,6.3,12.2,1.7,0.5,3.8,23.9,0.602,0.03,0.482,0.263,0.793,1,1
Dominique Wilkins,"1987",27,6.3,3.3,1.5,0.6,2.7,29.0,0.543,0.059,0.415,0.197,0.695,1,1
Kevin McHale,"1987",29,9.9,2.6,0.5,2.2,2.6,26.1,0.655,0.003,0.392,0.232,0.72,1,1
Larry Bird,"1987",30,9.2,7.6,1.8,0.9,3.2,28.1,0.612,0.15,0.304,0.243,0.72,1,1
Isiah Thomas,"1987",25,3.9,10.0,1.9,0.2,4.2,20.6,0.528,0.072,0.385,0.121,0.634,1,1
Hakeem Olajuwon,"1987",24,11.4,2.9,1.9,3.4,3.0,23.4,0.554,0.004,0.428,0.189,0.512,1,1
Michael Jordan,"1987",23,5.2,4.6,2.9,1.5,3.3,37.1,0.562,0.029,0.427,0.247,0.488,1,1
Charles Barkley,"1987",23,14.6,4.9,1.8,1.5,4.7,23.0,0.66,0.111,0.602,0.21,0.549,1,1
Moses Malone,"1987",31,11.3,1.6,0.8,1.3,2.8,24.1,0.545,0.008,0.528,0.182,0.512,1,1
Larry Bird,"1988",31,9.3,6.1,1.6,0.8,2.8,29.9,0.608,0.142,0.271,0.243,0.695,1,1
Magic Johnson,"1988",28,6.2,11.9,1.6,0.2,3.7,19.6,0.581,0.056,0.491,0.199,0.756,1,1
Clyde Drexler,"1988",25,6.6,5.8,2.5,0.6,2.9,27.0,0.564,0.031,0.35,0.207,0.646,1,1
Dominique Wilkins,"1988",28,6.4,2.9,1.3,0.6,2.8,30.7,0.534,0.066,0.335,0.16,0.61,1,1
Michael Jordan,"1988",24,5.5,5.9,3.2,1.6,3.1,35.0,0.603,0.027,0.43,0.308,0.61,1,1
Hakeem Olajuwon,"1988",25,12.1,2.1,2.1,2.7,3.1,22.8,0.555,0.003,0.396,0.182,0.561,1,1
Patrick Ewing,"1988",25,8.2,1.5,1.3,3.0,3.5,20.2,0.594,0.003,0.402,0.154,0.463,1,1
Charles Barkley,"1988",24,11.9,3.2,1.3,1.3,3.8,28.3,0.665,0.122,0.741,0.253,0.439,1,1
Mark Price,"1989",24,3.0,8.4,1.5,0.1,2.8,18.9,0.623,0.21,0.29,0.199,0.695,1,1
Tom Chambers,"1989",29,8.4,2.9,1.1,0.7,2.9,25.7,0.547,0.052,0.364,0.146,0.671,1,1
Magic Johnson,"1989",29,7.9,12.8,1.8,0.3,4.1,22.5,0.625,0.165,0.495,0.267,0.695,1,1
Dominique Wilkins,"1989",29,6.9,2.6,1.5,0.7,2.3,26.2,0.528,0.06,0.298,0.166,0.634,1,1
Terry Cummings,"1989",27,8.1,2.5,1.3,0.9,2.5,22.9,0.518,0.01,0.294,0.131,0.598,1,1
Patrick Ewing,"1989",26,9.3,2.4,1.5,3.5,3.3,22.7,0.607,0.005,0.378,0.181,0.634,1,1
Dale Ellis,"1989",28,4.2,2.0,1.3,0.3,2.7,27.5,0.589,0.198,0.27,0.163,0.573,1,1
Charles Barkley,"1989",25,12.5,4.1,1.6,0.8,3.2,25.8,0.653,0.134,0.661,0.25,0.561,1,1
Michael Jordan,"1989",25,8.0,8.0,2.9,0.8,3.6,32.5,0.614,0.055,0.442,0.292,0.573,1,1
Hakeem Olajuwon,"1989",26,13.5,1.8,2.6,3.4,3.4,24.8,0.552,0.006,0.419,0.197,0.549,1,1
Chris Mullin,"1989",25,5.9,5.1,2.1,0.5,3.6,26.5,0.581,0.061,0.339,0.165,0.524,1,1
James Worthy,"1990",28,6.0,3.6,1.2,0.6,2.0,21.1,0.586,0.038,0.244,0.172,0.768,1,1
Magic Johnson,"1990",30,6.6,11.5,1.7,0.4,3.7,22.3,0.622,0.243,0.56,0.27,0.768,1,1
Kevin Johnson,"1990",23,3.6,11.4,1.3,0.2,3.6,22.5,0.585,0.035,0.516,0.2,0.659,1,1
Tom Chambers,"1990",30,7.0,2.3,1.1,0.6,2.7,27.2,0.579,0.053,0.4,0.176,0.659,1,1
Joe Dumars,"1990",26,2.8,4.9,0.8,0.0,1.9,17.8,0.555,0.052,0.312,0.162,0.72,1,1
Clyde Drexler,"1990",27,6.9,5.9,2.0,0.7,2.6,23.3,0.551,0.078,0.317,0.208,0.72,1,1
Charles Barkley,"1990",26,11.5,3.9,1.9,0.6,3.1,25.2,0.661,0.078,0.632,0.269,0.646,1,1
Larry Bird,"1990",33,9.5,7.5,1.4,0.8,3.2,24.3,0.546,0.129,0.226,0.154,0.634,1,1
David Robinson,"1990",24,12.0,2.0,1.7,3.9,3.1,24.3,0.597,0.002,0.644,0.241,0.683,1,1
Michael Jordan,"1990",26,6.9,6.3,2.8,0.7,3.0,33.6,0.606,0.125,0.356,0.285,0.671,1,1
Hakeem Olajuwon,"1990",27,14.0,2.9,2.1,4.6,3.9,24.3,0.541,0.004,0.333,0.173,0.5,1,1
Patrick Ewing,"1990",27,10.9,2.2,1.0,4.0,3.4,28.6,0.599,0.002,0.387,0.205,0.549,1,1
Chris Mullin,"1990",26,5.9,4.1,1.6,0.6,3.1,25.1,0.643,0.184,0.447,0.174,0.451,1,1
Michael Jordan,"1991",27,6.0,5.5,2.7,1.0,2.5,31.5,0.605,0.051,0.365,0.321,0.744,1,1
Clyde Drexler,"1991",28,6.7,6.0,1.8,0.7,2.8,21.5,0.563,0.143,0.392,0.209,0.768,1,1
James Worthy,"1991",29,4.6,3.5,1.3,0.4,1.6,21.4,0.531,0.062,0.183,0.143,0.707,1,1
Magic Johnson,"1991",31,7.0,12.5,1.3,0.2,4.0,19.4,0.623,0.256,0.587,0.251,0.707,1,1
Kevin Johnson,"1991",24,3.5,10.1,2.1,0.1,3.5,22.2,0.604,0.038,0.538,0.22,0.671,1,1
David Robinson,"1991",25,13.0,2.5,1.5,3.9,3.3,25.6,0.615,0.005,0.569,0.264,0.671,1,1
Joe Dumars,"1991",27,2.3,5.5,1.1,0.1,2.4,20.4,0.552,0.035,0.323,0.155,0.61,1,1
Chris Mullin,"1991",27,5.4,4.0,2.1,0.8,3.0,25.7,0.618,0.092,0.4,0.176,0.537,1,1
Dominique Wilkins,"1991",31,9.0,3.3,1.5,0.8,2.5,25.9,0.555,0.152,0.35,0.177,0.524,1,1
Patrick Ewing,"1991",28,11.2,3.0,1.0,3.2,3.6,26.6,0.561,0.004,0.379,0.155,0.476,1,1
Charles Barkley,"1991",27,10.1,4.2,1.6,0.5,3.1,27.6,0.635,0.133,0.564,0.258,0.537,1,1
Bernard King,"1991",34,5.0,4.6,0.9,0.3,4.0,28.4,0.527,0.024,0.321,0.07,0.366,1,1
Michael Jordan,"1992",28,6.4,6.1,2.3,0.9,2.5,30.1,0.579,0.055,0.325,0.274,0.817,1,1
Scottie Pippen,"1992",26,7.7,7.0,1.9,1.1,3.1,21.0,0.555,0.059,0.319,0.192,0.817,1,1
Clyde Drexler,"1992",29,6.6,6.7,1.8,0.9,3.2,25.0,0.56,0.229,0.342,0.223,0.695,1,1
Brad Daugherty,"1992",26,10.4,3.6,0.9,1.1,2.5,21.5,0.629,0.002,0.528,0.213,0.695,1,1
Mark Price,"1992",27,2.4,7.4,1.3,0.2,2.2,17.3,0.61,0.291,0.318,0.205,0.695,1,1
Patrick Ewing,"1992",29,11.2,1.9,1.1,3.0,2.5,24.0,0.563,0.004,0.335,0.198,0.622,1,1
Chris Mullin,"1992",28,5.6,3.5,2.1,0.8,2.5,25.6,0.586,0.11,0.265,0.155,0.671,1,1
Tim Hardaway,"1992",25,3.8,10.0,2.0,0.2,3.3,23.4,0.537,0.236,0.244,0.132,0.671,1,1
David Robinson,"1992",26,12.2,2.7,2.3,4.5,2.7,23.2,0.597,0.007,0.522,0.26,0.573,1,1
Dennis Rodman,"1992",30,18.7,2.3,0.8,0.9,1.7,9.8,0.574,0.159,0.22,0.183,0.585,1,1
Charles Barkley,"1992",28,11.1,4.1,1.8,0.6,3.1,23.1,0.612,0.122,0.58,0.205,0.427,1,1
Kevin Willis,"1992",29,15.5,2.1,0.9,0.7,2.4,18.3,0.535,0.03,0.297,0.143,0.463,1,1
Michael Jordan,"1993",29,6.7,5.5,2.8,0.8,2.7,32.6,0.564,0.115,0.284,0.27,0.695,1,1
Scottie Pippen,"1993",27,7.7,6.3,2.1,0.9,3.0,18.6,0.51,0.07,0.264,0.132,0.695,1,1
Mark Price,"1993",28,2.7,8.0,1.2,0.1,2.6,18.2,0.609,0.297,0.309,0.197,0.659,1,1
Charles Barkley,"1993",29,12.2,5.1,1.6,1.0,3.1,25.6,0.596,0.16,0.423,0.242,0.756,1,1
Patrick Ewing,"1993",30,12.1,1.9,0.9,2.0,3.3,24.2,0.546,0.005,0.359,0.17,0.732,1,1
Hakeem Olajuwon,"1993",30,13.0,3.5,1.8,4.2,3.2,26.1,0.577,0.005,0.356,0.234,0.671,1,1
David Robinson,"1993",27,11.7,3.7,1.5,3.2,2.9,23.4,0.569,0.013,0.568,0.197,0.598,1,1
Dominique Wilkins,"1993",33,6.8,3.2,1.0,0.4,2.6,29.9,0.57,0.199,0.396,0.191,0.524,1,1
Tim Hardaway,"1993",26,4.0,10.6,1.8,0.2,3.3,21.5,0.534,0.265,0.314,0.138,0.415,1,1
Joe Dumars,"1993",29,1.9,4.0,1.0,0.1,1.8,23.5,0.555,0.206,0.273,0.141,0.488,1,1
Gary Payton,"1994",25,3.3,6.0,2.3,0.2,2.1,16.5,0.526,0.047,0.241,0.155,0.768,1,1
Shawn Kemp,"1994",24,10.8,2.6,1.8,2.1,3.3,18.1,0.593,0.004,0.496,0.216,0.768,1,1
David Robinson,"1994",28,10.7,4.8,1.7,3.3,3.2,29.8,0.577,0.017,0.558,0.296,0.671,1,1
Charles Barkley,"1994",30,11.2,4.6,1.6,0.6,3.2,21.6,0.563,0.17,0.432,0.185,0.683,1,1
Kevin Johnson,"1994",27,2.5,9.5,1.9,0.1,3.5,20.0,0.566,0.028,0.473,0.17,0.683,1,1
Hakeem Olajuwon,"1994",31,11.9,3.6,1.6,3.7,3.4,27.3,0.565,0.011,0.32,0.21,0.707,1,1
Mark Price,"1994",29,3.0,7.8,1.4,0.1,2.5,17.3,0.586,0.296,0.267,0.201,0.573,1,1
Shaquille O'Neal,"1994",21,13.2,2.4,0.9,2.9,2.7,29.3,0.605,0.001,0.534,0.252,0.61,1,1
Scottie Pippen,"1994",28,8.7,5.6,2.9,0.8,3.2,22.0,0.544,0.154,0.32,0.194,0.671,1,1
Derrick Coleman,"1994",26,11.3,3.4,0.9,1.8,2.7,20.2,0.534,0.1,0.469,0.171,0.549,1,1
Latrell Sprewell,"1994",23,4.9,4.7,2.2,0.9,2.8,21.0,0.532,0.276,0.322,0.108,0.61,1,1
Mitch Richmond,"1994",28,3.7,4.0,1.3,0.2,2.8,23.4,0.551,0.218,0.358,0.106,0.341,1,1
Detlef Schrempf,"1995",32,6.2,3.8,1.1,0.4,2.1,19.2,0.641,0.182,0.523,0.215,0.695,1,1
Gary Payton,"1995",26,3.4,7.1,2.5,0.2,2.5,20.6,0.564,0.172,0.259,0.187,0.695,1,1
Shawn Kemp,"1995",25,10.9,1.8,1.2,1.5,3.2,18.7,0.61,0.007,0.587,0.19,0.695,1,1
Shaquille O'Neal,"1995",22,11.4,2.7,0.9,2.4,2.6,29.3,0.588,0.003,0.536,0.23,0.695,1,1
David Robinson,"1995",29,10.8,2.9,1.7,3.2,2.9,27.6,0.602,0.013,0.57,0.273,0.756,1,1
Scottie Pippen,"1995",29,8.1,5.2,2.9,1.1,3.4,21.4,0.559,0.239,0.333,0.188,0.573,1,1
Charles Barkley,"1995",31,11.1,4.1,1.6,0.7,2.2,23.0,0.572,0.192,0.444,0.214,0.72,1,1
Reggie Miller,"1995",29,2.6,3.0,1.2,0.2,1.9,19.6,0.62,0.43,0.391,0.204,0.634,1,1
Hakeem Olajuwon,"1995",32,10.8,3.5,1.8,3.4,3.3,27.8,0.563,0.01,0.348,0.181,0.573,1,1
Mitch Richmond,"1995",29,4.4,3.8,1.1,0.4,2.9,22.8,0.551,0.283,0.297,0.12,0.476,1,1
Michael Jordan,"1996",32,6.6,4.3,2.2,0.5,2.4,30.4,0.582,0.141,0.355,0.317,0.878,1,1
Scottie Pippen,"1996",30,6.4,5.9,1.7,0.7,2.7,19.4,0.551,0.33,0.266,0.209,0.878,1,1
Gary Payton,"1996",27,4.2,7.5,2.9,0.2,3.2,19.3,0.554,0.234,0.24,0.174,0.78,1,1
Shawn Kemp,"1996",26,11.4,2.2,1.2,1.6,4.0,19.6,0.631,0.013,0.709,0.205,0.78,1,1
David Robinson,"1996",30,12.2,3.0,1.4,3.3,2.3,25.0,0.589,0.007,0.597,0.29,0.72,1,1
Shaquille O'Neal,"1996",23,11.0,2.9,0.6,2.1,2.9,26.6,0.57,0.002,0.495,0.171,0.732,1,1
Reggie Miller,"1996",30,2.8,3.3,1.0,0.2,2.5,21.1,0.625,0.385,0.467,0.188,0.634,1,1
Grant Hill,"1996",23,9.8,6.9,1.3,0.6,3.3,20.2,0.537,0.021,0.529,0.172,0.561,1,1
Hakeem Olajuwon,"1996",33,10.9,3.6,1.6,2.9,3.4,26.9,0.558,0.009,0.367,0.166,0.585,1,1
Juwan Howard,"1996",22,8.1,4.4,0.8,0.5,3.7,22.1,0.53,0.009,0.284,0.082,0.476,1,1
Charles Barkley,"1996",32,11.6,3.7,1.6,0.8,3.1,23.2,0.585,0.151,0.488,0.191,0.5,1,1
Mitch Richmond,"1996",30,3.3,3.1,1.5,0.2,2.7,23.1,0.591,0.376,0.359,0.151,0.476,1,1
Michael Jordan,"1997",33,5.9,4.3,1.7,0.5,2.0,29.6,0.567,0.157,0.304,0.283,0.841,1,1
Scottie Pippen,"1997",31,6.5,5.7,1.9,0.5,2.6,20.2,0.554,0.31,0.213,0.203,0.841,1,1
Gary Payton,"1997",28,4.6,7.1,2.4,0.2,2.6,21.8,0.545,0.256,0.24,0.193,0.695,1,1
Tim Hardaway,"1997",30,3.4,8.6,1.9,0.1,2.8,20.3,0.532,0.426,0.263,0.198,0.744,1,1
Grant Hill,"1997",24,9.0,7.3,1.8,0.6,3.2,21.4,0.556,0.026,0.503,0.223,0.659,1,1
Hakeem Olajuwon,"1997",34,9.2,3.0,1.5,2.2,3.6,23.2,0.558,0.011,0.313,0.154,0.695,1,1
Shaquille O'Neal,"1997",24,12.5,3.1,0.9,2.9,2.9,26.2,0.556,0.004,0.483,0.197,0.683,1,1
Patrick Ewing,"1997",34,10.7,2.0,0.9,2.4,3.4,22.4,0.548,0.007,0.434,0.163,0.695,1,1
Vin Baker,"1997",25,10.3,2.7,1.0,1.4,3.1,21.0,0.553,0.043,0.416,0.127,0.402,1,1
Mitch Richmond,"1997",31,3.9,4.2,1.5,0.3,2.9,25.9,0.578,0.302,0.337,0.166,0.415,1,1
Shaquille O'Neal,"1998",25,11.4,2.4,0.7,2.4,2.9,28.3,0.587,0.0,0.594,0.224,0.744,1,1
Gary Payton,"1998",29,4.6,8.3,2.3,0.2,2.8,19.2,0.544,0.311,0.293,0.19,0.744,1,1
Vin Baker,"1998",26,8.0,1.9,1.1,1.0,2.1,19.2,0.564,0.006,0.452,0.169,0.744,1,1
Michael Jordan,"1998",34,5.8,3.5,1.7,0.5,2.3,28.7,0.533,0.067,0.381,0.238,0.756,1,1
Reggie Miller,"1998",32,2.9,2.1,1.0,0.1,1.6,19.5,0.619,0.353,0.407,0.206,0.707,1,1
Tim Hardaway,"1998",31,3.7,8.3,1.7,0.2,2.8,18.9,0.53,0.341,0.254,0.185,0.671,1,1
David Robinson,"1998",32,10.6,2.7,0.9,2.6,2.8,21.6,0.581,0.004,0.62,0.269,0.683,1,1
Tim Duncan,"1998",21,11.9,2.7,0.7,2.5,3.4,21.1,0.577,0.008,0.375,0.192,0.683,1,1
Dikembe Mutombo,"1998",31,11.4,1.0,0.4,3.4,2.0,13.4,0.584,0.0,0.608,0.177,0.61,1,1
Grant Hill,"1998",25,7.7,6.8,1.8,0.7,3.5,21.1,0.52,0.015,0.475,0.149,0.451,1,1
Mitch Richmond,"1998",32,3.3,4.0,1.3,0.2,2.6,23.2,0.569,0.274,0.386,0.148,0.329,1,1
Kobe Bryant,"2000",21,6.3,4.9,1.6,0.9,2.8,22.5,0.546,0.122,0.341,0.202,0.817,1,1
Shaquille O'Neal,"2000",27,13.6,3.8,0.5,3.0,2.8,29.7,0.578,0.001,0.495,0.283,0.817,1,1
David Robinson,"2000",34,9.6,1.8,1.2,2.3,2.1,17.8,0.568,0.002,0.496,0.238,0.646,1,1
Tim Duncan,"2000",23,12.4,3.2,0.9,2.2,3.3,23.2,0.555,0.009,0.471,0.218,0.646,1,1
Jason Kidd,"2000",26,7.2,10.1,2.0,0.4,3.4,14.3,0.498,0.194,0.287,0.156,0.646,1,1
Alonzo Mourning,"2000",29,9.5,1.6,0.5,3.7,2.7,21.7,0.596,0.003,0.492,0.226,0.634,1,1
Chris Webber,"2000",26,10.5,4.6,1.6,1.7,2.9,24.5,0.53,0.061,0.267,0.179,0.537,1,1
Kevin Garnett,"2000",23,11.8,5.0,1.5,1.6,3.3,22.9,0.545,0.053,0.265,0.172,0.61,1,1
Grant Hill,"2000",27,6.6,5.2,1.4,0.6,3.2,25.8,0.565,0.069,0.425,0.185,0.512,1,1
Allen Iverson,"2000",24,3.8,4.7,2.1,0.1,3.3,28.4,0.496,0.151,0.358,0.116,0.598,1,1
Gary Payton,"2000",31,6.5,8.9,1.9,0.2,2.7,24.2,0.535,0.312,0.254,0.195,0.549,1,1
Vince Carter,"2000",23,5.8,3.9,1.3,1.1,2.2,25.7,0.543,0.139,0.325,0.182,0.549,1,1
David Robinson,"2001",35,8.6,1.5,1.0,2.5,1.5,14.4,0.559,0.001,0.571,0.246,0.707,1,1
Tim Duncan,"2001",24,12.2,3.0,0.9,2.3,3.0,22.2,0.536,0.019,0.471,0.2,0.707,1,1
Chris Webber,"2001",27,11.1,4.2,1.3,1.7,2.8,27.1,0.516,0.017,0.282,0.186,0.671,1,1
Allen Iverson,"2001",25,3.8,4.6,2.5,0.3,3.3,31.1,0.518,0.169,0.397,0.19,0.683,1,1
Ray Allen,"2001",25,5.2,4.6,1.5,0.2,2.5,22.0,0.61,0.357,0.299,0.211,0.634,1,1
Kobe Bryant,"2001",22,5.9,5.0,1.7,0.6,3.2,28.5,0.552,0.132,0.369,0.196,0.683,1,1
Shaquille O'Neal,"2001",28,12.7,3.7,0.6,2.8,2.9,28.7,0.574,0.001,0.684,0.245,0.683,1,1
Vince Carter,"2001",24,5.5,3.9,1.5,1.1,2.2,27.6,0.551,0.24,0.303,0.208,0.573,1,1
Jason Kidd,"2001",27,6.4,9.8,2.2,0.3,3.7,16.9,0.51,0.211,0.367,0.15,0.622,1,1
Kevin Garnett,"2001",24,11.4,5.0,1.4,1.8,2.8,22.0,0.531,0.045,0.317,0.176,0.573,1,1
Tracy McGrady,"2001",21,7.5,4.6,1.5,1.5,2.6,26.8,0.521,0.096,0.34,0.189,0.524,1,1
Gary Payton,"2001",32,4.6,8.1,1.6,0.3,2.6,23.1,0.522,0.171,0.223,0.16,0.537,1,1
Chris Webber,"2002",28,10.1,4.8,1.7,1.4,2.9,24.5,0.54,0.018,0.314,0.2,0.744,1,1
Kobe Bryant,"2002",23,5.5,5.5,1.5,0.4,2.8,25.2,0.544,0.083,0.369,0.199,0.707,1,1
Shaquille O'Neal,"2002",29,10.7,3.0,0.6,2.0,2.6,27.2,0.59,0.001,0.583,0.262,0.707,1,1
Tim Duncan,"2002",25,12.7,3.7,0.7,2.5,3.2,25.5,0.576,0.007,0.466,0.257,0.707,1,1
Jason Kidd,"2002",28,7.3,9.9,2.1,0.2,3.5,14.7,0.484,0.32,0.217,0.14,0.634,1,1
Dirk Nowitzki,"2002",23,9.9,2.4,1.1,1.0,1.9,23.4,0.599,0.278,0.41,0.222,0.695,1,1
Steve Nash,"2002",27,3.1,7.7,0.6,0.0,2.8,17.9,0.602,0.315,0.269,0.167,0.695,1,1
Kevin Garnett,"2002",25,12.1,5.2,1.2,1.6,2.8,21.2,0.536,0.083,0.32,0.194,0.61,1,1
Gary Payton,"2002",33,4.8,9.0,1.6,0.3,2.5,22.1,0.526,0.15,0.212,0.183,0.549,1,1
Paul Pierce,"2002",24,6.9,3.2,1.9,1.0,2.9,26.1,0.57,0.325,0.402,0.187,0.598,1,1
Allen Iverson,"2002",26,4.5,5.5,2.8,0.2,4.0,31.4,0.489,0.161,0.351,0.126,0.524,1,1
Dikembe Mutombo,"2002",35,10.8,1.0,0.4,2.4,2.0,11.5,0.574,0.0,0.568,0.158,0.524,1,1
Tracy McGrady,"2002",22,7.9,5.3,1.6,1.0,2.5,25.6,0.532,0.178,0.35,0.189,0.537,1,1
Jermaine O'Neal,"2002",23,10.5,1.6,0.6,2.3,2.4,19.0,0.521,0.012,0.365,0.113,0.512,1,1
Dirk Nowitzki,"2003",24,9.9,3.0,1.4,1.0,1.9,25.1,0.581,0.262,0.368,0.249,0.732,1,1
Steve Nash,"2003",28,2.9,7.3,1.0,0.1,2.3,17.7,0.576,0.241,0.304,0.206,0.732,1,1
Chris Webber,"2003",29,10.5,5.4,1.6,1.3,3.2,23.0,0.485,0.015,0.247,0.127,0.72,1,1
Tim Duncan,"2003",26,12.9,3.9,0.7,2.9,3.1,23.3,0.564,0.016,0.455,0.248,0.732,1,1
Jason Kidd,"2003",29,6.3,8.9,2.2,0.3,3.7,18.7,0.526,0.297,0.324,0.182,0.598,1,1
Ben Wallace,"2003",28,15.4,1.6,1.4,3.2,1.2,6.9,0.486,0.014,0.432,0.176,0.61,1,1
Jermaine O'Neal,"2003",24,10.3,2.0,0.9,2.3,2.3,20.8,0.539,0.017,0.405,0.177,0.585,1,1
Kobe Bryant,"2003",24,6.9,5.9,2.2,0.8,3.5,30.0,0.55,0.168,0.371,0.21,0.61,1,1
Shaquille O'Neal,"2003",30,11.1,3.1,0.6,2.4,2.9,27.5,0.602,0.0,0.599,0.25,0.61,1,1
Allen Iverson,"2003",27,4.2,5.5,2.7,0.2,3.5,27.6,0.5,0.156,0.379,0.127,0.585,1,1
Kevin Garnett,"2003",26,13.4,6.0,1.4,1.6,2.8,23.0,0.553,0.048,0.339,0.225,0.622,1,1
Jamal Mashburn,"2003",30,6.1,5.6,1.0,0.2,2.8,21.6,0.507,0.193,0.233,0.13,0.573,1,1
Stephon Marbury,"2003",25,3.2,8.1,1.3,0.2,3.2,22.3,0.52,0.193,0.305,0.142,0.537,1,1
Tracy McGrady,"2003",23,6.5,5.5,1.7,0.8,2.6,32.1,0.564,0.247,0.4,0.262,0.512,1,1
Paul Pierce,"2003",25,7.3,4.4,1.8,0.8,3.6,25.9,0.532,0.246,0.473,0.157,0.537,1,1
Tim Duncan,"2004",27,12.4,3.1,0.9,2.7,2.7,22.3,0.534,0.01,0.498,0.249,0.695,1,1
Ben Wallace,"2004",29,12.4,1.7,1.8,3.0,1.5,9.5,0.441,0.011,0.388,0.16,0.659,1,1
Jermaine O'Neal,"2004",25,10.0,2.1,0.8,2.6,2.3,20.1,0.489,0.013,0.329,0.155,0.744,1,1
Metta World Peace,"2004",24,5.3,3.7,2.1,0.7,2.8,18.3,0.511,0.218,0.395,0.141,0.744,1,1
Kevin Garnett,"2004",27,13.9,5.0,1.5,2.2,2.6,24.2,0.547,0.027,0.289,0.272,0.707,1,1
Sam Cassell,"2004",34,3.3,7.3,1.3,0.2,2.7,19.8,0.566,0.146,0.261,0.205,0.707,1,1
Peja Stojakovic,"2004",26,6.3,2.1,1.3,0.2,1.9,24.2,0.624,0.4,0.307,0.198,0.671,1,1
Dirk Nowitzki,"2004",25,8.7,2.7,1.2,1.4,1.8,21.8,0.561,0.221,0.323,0.19,0.634,1,1
Kobe Bryant,"2004",25,5.5,5.1,1.7,0.4,2.6,24.0,0.551,0.184,0.452,0.21,0.683,1,1
Shaquille O'Neal,"2004",31,11.5,2.9,0.5,2.5,2.9,21.5,0.578,0.0,0.713,0.192,0.683,1,1
Jason Kidd,"2004",30,6.4,9.2,1.8,0.2,3.2,15.5,0.485,0.306,0.26,0.141,0.573,1,1
Yao Ming,"2004",23,9.0,1.5,0.3,1.9,2.5,17.5,0.586,0.002,0.435,0.202,0.549,1,1
Michael Redd,"2004",24,5.0,2.3,1.0,0.1,1.4,21.7,0.544,0.252,0.306,0.154,0.5,1,1
Baron Davis,"2004",24,4.3,7.5,2.4,0.4,3.2,22.9,0.492,0.415,0.251,0.133,0.5,1,1
Tracy McGrady,"2004",24,6.0,5.5,1.4,0.6,2.7,28.0,0.526,0.328,0.319,0.151,0.256,1,1
Tim Duncan,"2005",28,11.1,2.7,0.7,2.6,1.9,20.3,0.54,0.009,0.437,0.245,0.72,1,1
Amar'e Stoudemire,"2005",22,8.9,1.6,1.0,1.6,2.4,26.0,0.617,0.012,0.595,0.243,0.756,1,1
Shawn Marion,"2005",26,11.3,1.9,2.0,1.5,1.5,19.4,0.556,0.265,0.213,0.191,0.756,1,1
Steve Nash,"2005",30,3.3,11.5,1.0,0.1,3.3,15.5,0.606,0.254,0.278,0.203,0.756,1,1
Dwyane Wade,"2005",23,5.2,6.8,1.6,1.1,4.2,24.1,0.561,0.034,0.578,0.177,0.72,1,1
Shaquille O'Neal,"2005",32,10.4,2.7,0.5,2.3,2.8,22.9,0.583,0.0,0.699,0.211,0.72,1,1
Dirk Nowitzki,"2005",26,9.7,3.1,1.2,1.5,2.3,26.1,0.578,0.158,0.49,0.248,0.707,1,1
Tracy McGrady,"2005",25,6.2,5.7,1.7,0.7,2.6,25.7,0.526,0.262,0.336,0.18,0.622,1,1
Ben Wallace,"2005",30,12.2,1.7,1.4,2.4,1.1,9.7,0.459,0.014,0.467,0.153,0.659,1,1
Ray Allen,"2005",29,4.4,3.7,1.1,0.1,2.2,23.9,0.555,0.372,0.286,0.168,0.634,1,1
Kevin Garnett,"2005",28,13.5,5.7,1.5,1.4,2.7,22.2,0.567,0.018,0.404,0.248,0.537,1,1
LeBron James,"2005",20,7.4,7.2,2.2,0.7,3.3,27.2,0.554,0.183,0.378,0.203,0.512,1,1
Gilbert Arenas,"2005",23,4.7,5.1,1.7,0.3,3.0,25.5,0.565,0.369,0.42,0.169,0.549,1,1
Allen Iverson,"2005",29,4.0,7.9,2.4,0.1,4.6,30.7,0.532,0.186,0.432,0.136,0.524,1,1
Kobe Bryant,"2005",26,5.9,6.0,1.3,0.8,4.1,27.6,0.563,0.292,0.502,0.145,0.415,1,1
Tim Duncan,"2006",29,11.0,3.2,0.9,2.0,2.5,18.6,0.523,0.004,0.45,0.187,0.768,1,1
Ben Wallace,"2006",31,11.3,1.9,1.8,2.2,1.1,7.3,0.501,0.009,0.637,0.168,0.78,1,1
Chauncey Billups,"2006",29,3.1,8.6,0.9,0.1,2.1,18.5,0.602,0.42,0.514,0.254,0.78,1,1
Dirk Nowitzki,"2006",27,9.0,2.8,0.7,1.0,1.9,26.6,0.589,0.173,0.382,0.275,0.732,1,1
Shawn Marion,"2006",27,11.8,1.8,2.0,1.7,1.5,21.8,0.591,0.212,0.218,0.214,0.659,1,1
Steve Nash,"2006",31,4.2,10.5,0.8,0.2,3.5,18.8,0.632,0.324,0.264,0.212,0.659,1,1
Dwyane Wade,"2006",24,5.7,6.7,1.9,0.8,3.6,27.2,0.577,0.054,0.568,0.239,0.634,1,1
Shaquille O'Neal,"2006",33,9.2,1.9,0.4,1.8,2.8,20.0,0.586,0.0,0.589,0.164,0.634,1,1
Kobe Bryant,"2006",27,5.3,4.5,1.8,0.4,3.1,35.4,0.559,0.238,0.377,0.224,0.549,1,1
LeBron James,"2006",21,7.0,6.6,1.6,0.8,3.3,31.4,0.568,0.208,0.447,0.232,0.61,1,1
Gilbert Arenas,"2006",24,3.5,6.1,2.0,0.3,3.7,29.3,0.581,0.324,0.479,0.193,0.512,1,1
Elton Brand,"2006",26,10.0,2.6,1.0,2.5,2.2,24.7,0.58,0.002,0.396,0.229,0.573,1,1
Yao Ming,"2006",25,10.2,1.5,0.5,1.6,2.6,22.3,0.592,0.001,0.439,0.211,0.415,1,1
Allen Iverson,"2006",30,3.2,7.4,1.9,0.1,3.4,33.0,0.543,0.122,0.455,0.165,0.463,1,1
Tim Duncan,"2007",30,10.6,3.4,0.8,2.4,2.8,20.0,0.579,0.008,0.502,0.23,0.707,1,1
Dirk Nowitzki,"2007",28,8.9,3.4,0.7,0.8,2.1,24.6,0.605,0.129,0.411,0.278,0.817,1,1
Amar'e Stoudemire,"2007",24,9.6,1.0,1.0,1.3,2.8,20.4,0.637,0.003,0.555,0.201,0.744,1,1
Steve Nash,"2007",32,3.5,11.6,0.8,0.1,3.8,18.6,0.654,0.353,0.254,0.225,0.744,1,1
Tracy McGrady,"2007",27,5.3,6.5,1.3,0.5,3.0,24.6,0.515,0.257,0.33,0.163,0.634,1,1
Yao Ming,"2007",26,9.4,2.0,0.4,2.0,3.5,25.0,0.601,0.002,0.504,0.22,0.634,1,1
Chauncey Billups,"2007",30,3.4,7.2,1.2,0.2,2.0,17.0,0.591,0.388,0.536,0.216,0.646,1,1
LeBron James,"2007",22,6.7,6.0,1.6,0.7,3.2,27.3,0.552,0.191,0.432,0.206,0.61,1,1
Carmelo Anthony,"2007",22,6.0,3.8,1.2,0.4,3.6,28.9,0.552,0.103,0.391,0.14,0.549,1,1
Chris Bosh,"2007",22,10.7,2.5,0.6,1.3,2.6,22.6,0.577,0.032,0.539,0.174,0.573,1,1
Dwight Howard,"2007",21,12.3,1.9,0.9,1.9,3.9,17.6,0.619,0.002,0.763,0.154,0.488,1,1
Kobe Bryant,"2007",28,5.7,5.4,1.4,0.5,3.3,31.6,0.58,0.227,0.437,0.199,0.512,1,1
Gilbert Arenas,"2007",25,4.6,6.0,1.9,0.2,3.2,28.4,0.565,0.377,0.464,0.177,0.5,1,1
Dwyane Wade,"2007",25,4.7,7.5,2.1,1.2,4.2,27.4,0.583,0.082,0.556,0.219,0.537,1,1
Kevin Garnett,"2007",30,12.8,4.1,1.2,1.7,2.7,22.4,0.546,0.042,0.371,0.171,0.39,1,1
Kevin Garnett,"2008",31,9.2,3.4,1.4,1.3,1.9,18.8,0.588,0.011,0.339,0.265,0.805,1,1
Paul Pierce,"2008",30,5.1,4.5,1.3,0.5,2.8,19.6,0.599,0.332,0.442,0.207,0.805,1,1
Kobe Bryant,"2008",29,6.3,5.4,1.8,0.5,3.1,28.3,0.576,0.246,0.439,0.208,0.695,1,1
Dwight Howard,"2008",22,14.2,1.3,0.9,2.1,3.2,20.7,0.619,0.004,0.921,0.2,0.634,1,1
Chris Paul,"2008",22,4.0,11.6,2.7,0.1,2.5,21.1,0.576,0.193,0.302,0.284,0.683,1,1
Tim Duncan,"2008",31,11.3,2.8,0.7,1.9,2.3,19.3,0.546,0.003,0.393,0.201,0.683,1,1
Yao Ming,"2008",27,10.8,2.3,0.5,2.0,3.3,22.0,0.587,0.002,0.477,0.196,0.671,1,1
Amar'e Stoudemire,"2008",25,9.1,1.5,0.8,2.1,2.2,25.2,0.656,0.026,0.571,0.262,0.671,1,1
Steve Nash,"2008",33,3.5,11.1,0.7,0.1,3.6,16.9,0.641,0.396,0.255,0.181,0.671,1,1
Dirk Nowitzki,"2008",29,8.6,3.5,0.7,0.9,2.1,23.6,0.585,0.167,0.414,0.223,0.622,1,1
LeBron James,"2008",23,7.9,7.2,1.8,1.1,3.4,30.0,0.568,0.219,0.47,0.242,0.549,1,1
LeBron James,"2009",24,7.6,7.2,1.7,1.1,3.0,28.4,0.591,0.238,0.472,0.318,0.805,1,1
Paul Pierce,"2009",31,5.6,3.6,1.0,0.3,2.8,20.5,0.582,0.257,0.468,0.164,0.756,1,1
Kobe Bryant,"2009",30,5.2,4.9,1.5,0.5,2.6,26.8,0.561,0.196,0.329,0.206,0.793,1,1
Pau Gasol,"2009",28,9.6,3.5,0.6,1.0,1.9,18.9,0.617,0.002,0.42,0.223,0.793,1,1
Dwight Howard,"2009",23,13.8,1.4,1.0,2.9,3.0,20.6,0.6,0.002,0.867,0.234,0.72,1,1
Brandon Roy,"2009",24,4.7,5.1,1.1,0.3,1.9,22.6,0.573,0.167,0.383,0.223,0.659,1,1
Yao Ming,"2009",28,9.9,1.8,0.4,1.9,3.0,19.7,0.618,0.001,0.426,0.196,0.646,1,1
Tim Duncan,"2009",32,10.7,3.5,0.5,1.7,2.2,19.3,0.549,0.002,0.436,0.191,0.659,1,1
Tony Parker,"2009",26,3.1,6.9,0.9,0.1,2.6,22.0,0.556,0.051,0.287,0.168,0.659,1,1
Dirk Nowitzki,"2009",30,8.4,2.4,0.8,0.8,1.9,25.9,0.564,0.105,0.337,0.171,0.61,1,1
Shaquille O'Neal,"2009",36,8.4,1.7,0.7,1.4,2.2,17.8,0.623,0.001,0.617,0.166,0.561,1,1
Chris Paul,"2009",23,5.5,11.0,2.8,0.1,3.0,22.8,0.599,0.14,0.418,0.292,0.598,1,1
Dwyane Wade,"2009",27,5.0,7.5,2.2,1.3,3.4,30.2,0.574,0.16,0.443,0.232,0.524,1,1
Dwight Howard,"2010",24,13.2,1.8,0.9,2.8,3.3,18.3,0.63,0.008,0.978,0.223,0.72,1,1
LeBron James,"2010",25,7.3,8.6,1.6,1.0,3.4,29.7,0.604,0.253,0.506,0.299,0.744,1,1
Tim Duncan,"2010",33,10.1,3.2,0.6,1.5,1.8,17.9,0.56,0.01,0.346,0.215,0.61,1,1
Joe Johnson,"2010",28,4.6,4.9,1.1,0.1,1.9,21.3,0.538,0.253,0.194,0.14,0.646,1,1
Amar'e Stoudemire,"2010",27,8.9,1.0,0.6,1.0,2.6,23.1,0.615,0.005,0.5,0.181,0.659,1,1
Steve Nash,"2010",35,3.3,11.0,0.5,0.1,3.6,16.5,0.615,0.295,0.228,0.178,0.659,1,1
Kobe Bryant,"2010",31,5.4,5.0,1.5,0.3,3.2,27.0,0.545,0.192,0.345,0.16,0.695,1,1
Pau Gasol,"2010",29,11.3,3.4,0.6,1.7,2.2,18.3,0.593,0.006,0.429,0.22,0.695,1,1
Carmelo Anthony,"2010",25,6.6,3.2,1.3,0.4,3.0,28.2,0.548,0.125,0.407,0.145,0.646,1,1
Brandon Roy,"2010",25,4.4,4.7,0.9,0.2,2.0,21.5,0.568,0.213,0.424,0.18,0.61,1,1
Kevin Durant,"2010",21,7.6,2.8,1.4,1.0,3.3,30.1,0.607,0.21,0.504,0.238,0.61,1,1
Dirk Nowitzki,"2010",31,7.7,2.7,0.9,1.0,1.8,25.0,0.578,0.081,0.392,0.194,0.671,1,1
Dwyane Wade,"2010",28,4.8,6.5,1.8,1.1,3.3,26.6,0.562,0.161,0.465,0.224,0.573,1,1
Dwyane Wade,"2011",29,6.4,4.6,1.5,1.1,3.1,25.5,0.581,0.149,0.471,0.218,0.707,1,1
LeBron James,"2011",26,7.5,7.0,1.6,0.6,3.6,26.7,0.594,0.188,0.446,0.244,0.707,1,1
Derrick Rose,"2011",22,4.1,7.7,1.0,0.6,3.4,25.0,0.55,0.241,0.348,0.208,0.756,1,1
Kobe Bryant,"2011",32,5.1,4.7,1.2,0.1,3.0,25.3,0.548,0.217,0.356,0.178,0.695,1,1
Pau Gasol,"2011",30,10.2,3.3,0.6,1.6,1.7,18.8,0.589,0.003,0.384,0.232,0.695,1,1
Dwight Howard,"2011",25,14.1,1.4,1.4,2.4,3.6,22.9,0.616,0.007,0.877,0.235,0.634,1,1
Dirk Nowitzki,"2011",32,7.0,2.6,0.5,0.6,1.9,23.0,0.612,0.142,0.376,0.213,0.695,1,1
Kevin Durant,"2011",22,6.8,2.7,1.1,1.0,2.8,27.7,0.589,0.269,0.439,0.189,0.671,1,1
Russell Westbrook,"2011",22,4.6,8.2,1.9,0.4,3.9,21.9,0.538,0.074,0.454,0.159,0.671,1,1
Chris Paul,"2011",25,4.1,9.8,2.4,0.1,2.2,15.9,0.578,0.197,0.414,0.232,0.561,1,1
Amar'e Stoudemire,"2011",28,8.2,2.6,0.9,1.9,3.2,25.3,0.565,0.016,0.403,0.134,0.512,1,1
Al Horford,"2011",24,9.3,3.5,0.8,1.0,1.5,15.3,0.587,0.004,0.204,0.179,0.537,1,1
Tony Parker,"2012",29,2.9,7.7,1.0,0.1,2.6,18.3,0.539,0.069,0.319,0.177,0.758,1,1
Kevin Durant,"2012",23,8.0,3.5,1.3,1.2,3.8,28.0,0.61,0.265,0.386,0.23,0.712,1,1
Russell Westbrook,"2012",23,4.6,5.5,1.7,0.3,3.6,23.6,0.538,0.155,0.326,0.163,0.712,1,1
Dwyane Wade,"2012",30,4.8,4.6,1.7,1.3,2.6,22.1,0.559,0.067,0.355,0.227,0.697,1,1
LeBron James,"2012",27,7.9,6.2,1.9,0.8,3.4,27.1,0.605,0.127,0.429,0.298,0.697,1,1
Carmelo Anthony,"2012",27,6.3,3.6,1.1,0.4,2.6,22.6,0.525,0.198,0.358,0.16,0.545,1,1
Rajon Rondo,"2012",25,4.8,11.7,1.8,0.1,3.6,11.9,0.483,0.073,0.316,0.121,0.591,1,1
Blake Griffin,"2012",22,10.9,3.2,0.8,0.7,2.3,20.7,0.557,0.016,0.458,0.185,0.606,1,1
Chris Paul,"2012",26,3.6,9.1,2.5,0.1,2.1,19.8,0.581,0.239,0.339,0.278,0.606,1,1
Andrew Bynum,"2012",24,11.8,1.4,0.5,1.9,2.5,18.7,0.594,0.006,0.425,0.183,0.621,1,1
Kobe Bryant,"2012",33,5.4,4.6,1.2,0.3,3.5,27.9,0.527,0.215,0.338,0.132,0.621,1,1
Dirk Nowitzki,"2012",33,6.7,2.2,0.7,0.5,1.9,21.6,0.564,0.205,0.343,0.175,0.545,1,1
Dwight Howard,"2012",26,14.5,1.9,1.5,2.1,3.2,20.6,0.569,0.01,0.788,0.179,0.561,1,1
Kevin Love,"2012",23,13.3,2.0,0.9,0.5,2.3,26.0,0.568,0.266,0.434,0.223,0.394,1,1
Kevin Durant,"2013",24,7.9,4.6,1.4,1.3,3.5,28.1,0.647,0.233,0.523,0.291,0.732,1,1
Russell Westbrook,"2013",24,5.2,7.4,1.8,0.3,3.3,23.2,0.532,0.195,0.375,0.195,0.732,1,1
Dwyane Wade,"2013",31,5.0,5.1,1.9,0.8,2.8,21.2,0.571,0.06,0.389,0.192,0.805,1,1
LeBron James,"2013",28,8.0,7.3,1.7,0.9,3.0,26.8,0.64,0.188,0.395,0.322,0.805,1,1
Blake Griffin,"2013",23,8.3,3.7,1.2,0.6,2.3,18.0,0.572,0.026,0.397,0.196,0.683,1,1
Chris Paul,"2013",27,3.7,9.7,2.4,0.1,2.3,16.9,0.594,0.271,0.377,0.287,0.683,1,1
Tim Duncan,"2013",36,9.9,2.7,0.7,2.7,2.1,17.8,0.554,0.007,0.307,0.191,0.707,1,1
Tony Parker,"2013",30,3.0,7.6,0.8,0.1,2.6,20.3,0.588,0.068,0.332,0.206,0.707,1,1
Carmelo Anthony,"2013",28,6.9,2.6,0.8,0.5,2.6,28.7,0.56,0.278,0.344,0.184,0.659,1,1
Paul George,"2013",22,7.6,4.1,1.8,0.6,2.9,17.4,0.531,0.399,0.233,0.145,0.605,1,1
James Harden,"2013",23,4.9,5.8,1.8,0.5,3.8,25.9,0.6,0.364,0.592,0.206,0.549,1,1
Dwight Howard,"2013",27,12.4,1.4,1.1,2.4,3.0,17.1,0.573,0.007,0.887,0.134,0.549,1,1
Kobe Bryant,"2013",34,5.6,6.0,1.4,0.3,3.7,27.3,0.57,0.255,0.392,0.174,0.549,1,1
David Lee,"2013",29,11.2,3.5,0.8,0.3,2.6,18.5,0.561,0.003,0.276,0.15,0.573,1,1
Tony Parker,"2014",31,2.3,5.7,0.5,0.1,2.2,16.7,0.555,0.073,0.266,0.141,0.756,1,1
Blake Griffin,"2014",24,9.5,3.9,1.2,0.6,2.8,24.1,0.583,0.032,0.496,0.205,0.695,1,1
Chris Paul,"2014",28,4.3,10.7,2.5,0.1,2.3,19.1,0.58,0.244,0.397,0.27,0.695,1,1
Kevin Durant,"2014",25,7.4,5.5,1.3,0.7,3.5,32.0,0.635,0.291,0.477,0.295,0.72,1,1
LeBron James,"2014",29,6.9,6.3,1.6,0.3,3.5,27.1,0.649,0.226,0.432,0.264,0.659,1,1
Stephen Curry,"2014",25,4.3,8.5,1.6,0.2,3.8,24.0,0.61,0.445,0.252,0.225,0.622,1,1
Paul George,"2014",23,6.8,3.5,1.9,0.3,2.8,21.7,0.555,0.367,0.341,0.178,0.683,1,1
Dwight Howard,"2014",28,12.2,1.8,0.8,1.8,3.2,18.3,0.6,0.009,0.798,0.161,0.659,1,1
James Harden,"2014",24,4.7,6.1,1.6,0.4,3.6,25.4,0.618,0.401,0.552,0.221,0.659,1,1
Damian Lillard,"2014",23,3.5,5.6,0.8,0.3,2.4,20.7,0.568,0.425,0.327,0.157,0.659,1,1
LaMarcus Aldridge,"2014",28,11.1,2.6,0.9,1.0,1.8,23.2,0.507,0.011,0.253,0.144,0.659,1,1
Kevin Love,"2014",25,12.5,4.4,0.8,0.5,2.5,26.1,0.591,0.355,0.445,0.245,0.488,1,1
Joakim Noah,"2014",28,11.3,5.4,1.2,1.5,2.4,12.6,0.531,0.003,0.419,0.19,0.585,1,1
Klay Thompson,"2015",24,3.2,2.9,1.1,0.8,1.9,21.7,0.591,0.42,0.197,0.172,0.817,1,1
Stephen Curry,"2015",26,4.3,7.7,2.0,0.2,3.1,23.8,0.638,0.482,0.251,0.288,0.817,1,1
Blake Griffin,"2015",25,7.6,5.3,0.9,0.5,2.3,21.9,0.551,0.022,0.373,0.183,0.683,1,1
Chris Paul,"2015",29,4.6,10.2,1.9,0.2,2.3,19.1,0.596,0.298,0.274,0.27,0.683,1,1
Tim Duncan,"2015",38,9.1,3.0,0.8,2.0,1.7,13.9,0.56,0.009,0.38,0.207,0.671,1,1
Kyrie Irving,"2015",22,3.2,5.2,1.5,0.3,2.5,21.7,0.583,0.306,0.296,0.183,0.646,1,1
LeBron James,"2015",30,6.0,7.4,1.6,0.7,3.9,25.3,0.577,0.265,0.413,0.199,0.646,1,1
LaMarcus Aldridge,"2015",29,10.2,1.7,0.7,1.0,1.7,23.4,0.528,0.074,0.256,0.165,0.622,1,1
James Harden,"2015",25,5.7,7.0,1.9,0.7,4.0,27.4,0.605,0.378,0.561,0.265,0.683,1,1
Marc Gasol,"2015",30,7.8,3.8,0.9,1.6,2.2,17.4,0.558,0.016,0.41,0.182,0.671,1,1
Pau Gasol,"2015",34,11.8,2.7,0.3,1.9,2.0,18.5,0.55,0.023,0.317,0.187,0.61,1,1
Russell Westbrook,"2015",26,7.3,8.6,2.1,0.2,4.4,28.1,0.536,0.196,0.445,0.222,0.549,1,1
Anthony Davis,"2015",21,10.2,2.2,1.5,2.9,1.4,24.4,0.591,0.01,0.384,0.274,0.549,1,1
DeMarcus Cousins,"2015",24,12.7,3.6,1.5,1.7,4.3,24.1,0.545,0.008,0.508,0.144,0.354,1,1
Kawhi Leonard,"2016",24,6.8,2.6,1.8,1.0,1.5,21.2,0.616,0.267,0.306,0.277,0.817,1,1
LaMarcus Aldridge,"2016",30,8.5,1.5,0.5,1.1,1.3,18.0,0.565,0.015,0.289,0.215,0.817,1,1
Draymond Green,"2016",25,9.5,7.4,1.5,1.4,3.2,14.0,0.587,0.315,0.402,0.19,0.89,1,1
Klay Thompson,"2016",25,3.8,2.1,0.8,0.6,1.7,22.1,0.597,0.469,0.159,0.144,0.89,1,1
Stephen Curry,"2016",27,5.4,6.7,2.1,0.2,3.3,30.1,0.669,0.554,0.25,0.318,0.89,1,1
Kevin Durant,"2016",27,8.2,5.0,1.0,1.2,3.5,28.2,0.634,0.348,0.361,0.27,0.671,1,1
Russell Westbrook,"2016",27,7.8,10.4,2.0,0.3,4.3,23.5,0.554,0.236,0.397,0.245,0.671,1,1
LeBron James,"2016",31,7.4,6.8,1.4,0.6,3.3,25.3,0.588,0.199,0.347,0.242,0.695,1,1
Kyle Lowry,"2016",29,4.7,6.4,2.1,0.4,2.9,21.2,0.578,0.457,0.41,0.196,0.683,1,1
Chris Paul,"2016",30,4.2,10.0,2.1,0.2,2.6,19.5,0.575,0.295,0.294,0.253,0.646,1,1
Paul George,"2016",25,7.0,4.1,1.9,0.4,3.3,23.1,0.557,0.391,0.364,0.157,0.549,1,1
Andre Drummond,"2016",22,14.8,0.8,1.5,1.4,1.9,16.2,0.499,0.006,0.553,0.133,0.537,1,1
DeMarcus Cousins,"2016",25,11.5,3.3,1.6,1.4,3.8,26.9,0.538,0.158,0.498,0.122,0.402,1,1
Draymond Green,"2017",26,7.9,7.0,2.0,1.4,2.4,10.2,0.522,0.405,0.328,0.16,0.817,1,1
Kevin Durant,"2017",28,8.3,4.8,1.1,1.6,2.2,25.1,0.651,0.304,0.374,0.278,0.817,1,1
Stephen Curry,"2017",28,4.5,6.6,1.8,0.2,3.0,25.3,0.624,0.547,0.251,0.229,0.817,1,1
Kawhi Leonard,"2017",25,5.8,3.5,1.8,0.7,2.1,25.5,0.61,0.295,0.406,0.264,0.744,1,1
James Harden,"2017",27,8.1,11.2,1.5,0.5,5.7,29.1,0.613,0.493,0.575,0.245,0.671,1,1
DeMar DeRozan,"2017",27,5.2,3.9,1.1,0.2,2.4,27.3,0.552,0.08,0.419,0.166,0.622,1,1
DeAndre Jordan,"2017",28,13.8,1.2,0.6,1.7,1.4,12.7,0.673,0.003,0.737,0.221,0.622,1,1
LeBron James,"2017",32,8.6,8.7,1.2,0.6,4.1,26.4,0.619,0.254,0.395,0.221,0.622,1,1
Isaiah Thomas,"2017",27,2.7,5.9,0.9,0.2,2.8,28.9,0.625,0.439,0.441,0.234,0.646,1,1
John Wall,"2017",26,4.2,10.7,2.0,0.6,4.1,23.1,0.541,0.19,0.367,0.149,0.598,1,1
Russell Westbrook,"2017",28,10.7,10.4,1.6,0.4,5.4,31.6,0.554,0.3,0.433,0.224,0.573,1,1
Jimmy Butler,"2017",27,6.2,5.5,1.9,0.4,2.1,23.9,0.586,0.198,0.54,0.236,0.5,1,1
Giannis Antetokounmpo,"2017",22,8.8,5.4,1.6,1.9,2.9,22.9,0.599,0.143,0.486,0.21,0.512,1,1
Anthony Davis,"2017",23,11.8,2.1,1.3,2.2,2.4,28.0,0.58,0.088,0.424,0.195,0.415,1,1
James Harden,"2018",28,5.4,8.8,1.8,0.7,4.4,30.4,0.619,0.498,0.502,0.289,0.793,1,1
DeMar DeRozan,"2018",28,3.9,5.2,1.1,0.3,2.2,23.0,0.555,0.203,0.396,0.17,0.72,1,1
Kevin Durant,"2018",29,6.8,5.4,0.7,1.8,3.0,26.4,0.64,0.338,0.331,0.215,0.707,1,1
Stephen Curry,"2018",29,5.1,6.1,1.6,0.2,3.0,26.4,0.675,0.58,0.35,0.267,0.707,1,1
Joel Embiid,"2018",23,11.0,3.2,0.6,1.8,3.7,22.9,0.573,0.203,0.442,0.155,0.634,1,1
Paul George,"2018",27,5.7,3.3,2.0,0.5,2.7,21.9,0.57,0.454,0.307,0.147,0.585,1,1
Russell Westbrook,"2018",29,10.1,10.3,1.8,0.3,4.8,25.4,0.524,0.193,0.336,0.166,0.585,1,1
LaMarcus Aldridge,"2018",32,8.5,2.0,0.6,1.2,1.5,23.1,0.57,0.068,0.296,0.209,0.573,1,1
Damian Lillard,"2018",27,4.5,6.6,1.1,0.4,2.8,26.9,0.594,0.445,0.38,0.227,0.598,1,1
Jimmy Butler,"2018",28,5.3,4.9,2.0,0.4,1.8,22.2,0.59,0.217,0.461,0.198,0.573,1,1
Karl-Anthony Towns,"2018",22,12.3,2.4,0.8,1.4,1.9,21.3,0.646,0.243,0.343,0.23,0.573,1,1
Victor Oladipo,"2018",25,5.2,4.3,2.4,0.8,2.9,23.1,0.577,0.323,0.274,0.155,0.585,1,1
Anthony Davis,"2018",24,11.1,2.3,1.5,2.6,2.2,28.1,0.612,0.111,0.409,0.241,0.585,1,1
LeBron James,"2018",33,8.6,9.1,1.4,0.9,4.2,27.5,0.621,0.257,0.336,0.221,0.61,1,1
Giannis Antetokounmpo,"2018",23,10.0,4.8,1.5,1.4,3.0,26.9,0.598,0.1,0.457,0.207,0.537,1,1
Giannis Antetokounmpo,"2019",24,12.5,5.9,1.3,1.5,3.7,27.7,0.644,0.163,0.55,0.292,0.732,1,1
Kevin Durant,"2019",30,6.4,5.9,0.7,1.1,2.9,26.0,0.631,0.281,0.366,0.204,0.695,1,1
Stephen Curry,"2019",30,5.3,5.2,1.3,0.4,2.8,27.3,0.641,0.604,0.214,0.199,0.695,1,1
Kawhi Leonard,"2019",27,7.3,3.3,1.8,0.4,2.0,26.6,0.606,0.267,0.377,0.224,0.707,1,1
James Harden,"2019",29,6.6,7.5,2.0,0.7,5.0,36.1,0.616,0.539,0.449,0.254,0.646,1,1
Kyrie Irving,"2019",26,5.0,6.9,1.5,0.5,2.6,23.8,0.592,0.35,0.197,0.197,0.598,1,1
Damian Lillard,"2019",28,4.6,6.9,1.1,0.4,2.7,25.8,0.588,0.419,0.335,0.205,0.646,1,1
Nikola Jokic,"2019",23,10.8,7.3,1.4,0.7,3.1,20.1,0.589,0.224,0.292,0.226,0.659,1,1
Paul George,"2019",28,8.2,4.1,2.2,0.4,2.7,28.0,0.583,0.469,0.335,0.201,0.598,1,1
Russell Westbrook,"2019",30,11.1,10.7,1.9,0.5,4.5,22.9,0.501,0.279,0.306,0.124,0.598,1,1
Joel Embiid,"2019",24,13.6,3.7,0.7,1.9,3.5,27.5,0.593,0.219,0.541,0.194,0.622,1,1
Blake Griffin,"2019",29,7.5,5.4,0.7,0.4,3.4,24.5,0.581,0.389,0.41,0.147,0.5,1,1
Kemba Walker,"2019",28,4.4,5.9,1.2,0.4,2.6,25.6,0.558,0.434,0.267,0.123,0.476,1,1
LeBron James,"2019",34,8.5,8.3,1.3,0.6,3.6,27.4,0.588,0.299,0.382,0.179,0.451,1,1
Giannis Antetokounmpo,"2020",25,13.6,5.6,1.0,1.0,3.7,29.5,0.613,0.237,0.508,0.279,0.767,1,1
Jayson Tatum,"2020",21,7.0,3.0,1.4,0.9,2.3,23.4,0.567,0.383,0.255,0.146,0.667,1,1
Kawhi Leonard,"2020",28,7.1,4.9,1.8,0.6,2.6,27.1,0.589,0.287,0.355,0.226,0.681,1,1
Pascal Siakam,"2020",25,7.3,3.5,1.0,0.9,2.5,22.9,0.554,0.331,0.274,0.123,0.736,1,1
Anthony Davis,"2020",26,9.3,3.2,1.5,2.3,2.5,26.1,0.61,0.199,0.479,0.25,0.732,1,1
LeBron James,"2020",35,7.8,10.2,1.2,0.5,3.9,25.3,0.577,0.326,0.292,0.204,0.732,1,1
Luka Doncic,"2020",20,9.4,8.8,1.0,0.2,4.3,28.8,0.585,0.431,0.448,0.207,0.573,1,1
Jimmy Butler,"2020",30,6.7,6.0,1.8,0.6,2.2,19.9,0.585,0.157,0.693,0.221,0.603,1,1
James Harden,"2020",30,6.6,7.5,1.8,0.9,4.5,34.3,0.626,0.557,0.528,0.254,0.611,1,1
Russell Westbrook,"2020",31,7.9,7.0,1.6,0.4,4.5,27.2,0.536,0.166,0.297,0.098,0.611,1,1
Ben Simmons,"2020",23,7.8,8.0,2.1,0.6,3.5,16.4,0.602,0.011,0.461,0.165,0.589,1,1
Nikola Jokic,"2020",24,9.7,7.0,1.2,0.6,3.1,19.9,0.605,0.238,0.281,0.202,0.63,1,1
Chris Paul,"2020",34,5.0,6.7,1.6,0.2,2.3,17.6,0.61,0.343,0.315,0.193,0.611,1,1
Damian Lillard,"2020",29,4.3,8.0,1.1,0.3,2.9,30.0,0.627,0.5,0.384,0.225,0.473,1,1
Kawhi Leonard,"2021",29,6.5,5.2,1.6,0.4,2.0,24.8,0.622,0.28,0.325,0.238,0.653,1,1
Paul George,"2021",30,6.6,5.2,1.1,0.4,3.3,23.3,0.598,0.437,0.239,0.139,0.653,1,1
Chris Paul,"2021",35,4.5,8.9,1.4,0.3,2.2,16.4,0.599,0.294,0.206,0.201,0.708,1,1
Giannis Antetokounmpo,"2021",26,11.0,5.9,1.2,1.2,3.4,28.1,0.633,0.201,0.528,0.244,0.639,1,1
Joel Embiid,"2021",26,10.6,2.8,1.0,1.4,3.1,28.5,0.636,0.171,0.61,0.266,0.681,1,1
Nikola Jokic,"2021",25,10.8,8.3,1.3,0.7,3.1,26.4,0.647,0.183,0.305,0.301,0.653,1,1
LeBron James,"2021",36,7.7,7.8,1.1,0.6,3.7,25.0,0.602,0.346,0.31,0.179,0.583,1,1
Luka Doncic,"2021",21,8.0,8.6,1.0,0.5,4.3,27.7,0.587,0.406,0.349,0.163,0.583,1,1
Julius Randle,"2021",26,10.2,6.0,0.9,0.3,3.4,24.1,0.567,0.294,0.325,0.14,0.569,1,1
Damian Lillard,"2021",30,4.2,7.5,0.9,0.3,3.0,28.8,0.623,0.528,0.363,0.209,0.583,1,1
Stephen Curry,"2021",32,5.5,5.8,1.2,0.1,3.4,32.0,0.655,0.587,0.289,0.201,0.542,1,1
Bradley Beal,"2021",27,4.7,4.4,1.2,0.4,3.1,31.3,0.593,0.27,0.332,0.132,0.472,1,1
