"Player","Year","Age","ORPG","DRPG","RPG","APG","SPG","BPG","TOPG","PPG","PER","TS","3PAr","FTr","OWS","DWS","WS","WS48","OBPM","DBPM","BPM","VORP","allstarFlag","allNBAFlag","Perc"
Kareem Abdul-Jabbar,"1980",32,2,8,10,4,0,3,3,24,25.3,0.639,0.001,0.344,9.5,5.3,14.8,0.227,4.8,2.4,7.2,7.3,1,1,0.732
Larry Bird,"1980",23,2,7,10,4,1,0,3,21,20.5,0.538,0.098,0.246,5.6,5.6,11.2,0.182,3.0,1.5,4.5,4.8,1,1,0.744
Julius Erving,"1980",29,2,4,7,4,2,1,3,26,25.4,0.568,0.012,0.331,7.3,5.2,12.5,0.213,5.7,1.9,7.6,6.8,1,1,0.72
George Gervin,"1980",27,1,3,5,2,1,1,3,33,24.0,0.587,0.053,0.306,9.3,1.3,10.6,0.173,5.5,-1.6,3.9,4.4,1,1,0.5
Dennis Johnson,"1980",25,2,2,5,4,1,1,2,19,15.9,0.489,0.043,0.358,3.0,4.4,7.4,0.12,0.5,0.8,1.3,2.5,1,1,0.683
Marques Johnson,"1980",23,2,4,7,3,1,0,2,21,22.0,0.585,0.007,0.29,8.0,3.5,11.5,0.206,4.6,0.4,5.1,4.8,1,1,0.598
Moses Malone,"1980",24,6,7,14,1,0,1,3,25,24.1,0.56,0.004,0.505,8.9,3.0,11.9,0.183,4.5,-2.4,2.1,3.2,1,1,0.5
Dan Roundfield,"1980",26,3,6,10,2,1,1,2,16,19.7,0.551,0.004,0.462,4.0,5.1,9.1,0.169,1.6,1.4,2.9,3.2,1,1,0.61
Paul Westphal,"1980",29,0,1,2,5,1,0,2,21,21.1,0.593,0.071,0.336,7.7,2.8,10.5,0.189,4.0,0.0,3.9,4.0,1,1,0.671
Kareem Abdul-Jabbar,"1981",33,2,7,10,3,0,2,3,26,25.5,0.616,0.001,0.379,9.6,4.6,14.3,0.23,4.7,1.4,6.1,6.1,1,1,0.659
Larry Bird,"1981",24,2,8,10,5,1,0,3,21,19.9,0.528,0.049,0.218,4.7,6.1,10.8,0.16,2.5,1.8,4.3,5.2,1,1,0.756
Otis Birdsong,"1981",25,1,1,3,3,1,0,2,24,20.3,0.58,0.027,0.348,6.2,2.0,8.2,0.152,3.3,-0.8,2.4,2.9,1,1,0.488
Julius Erving,"1981",30,2,5,8,4,2,1,3,24,25.1,0.572,0.012,0.352,7.8,6.1,13.8,0.231,5.2,2.3,7.5,6.9,1,1,0.756
George Gervin,"1981",28,1,3,5,3,1,0,3,27,22.9,0.555,0.02,0.359,8.1,2.4,10.5,0.182,4.2,-1.2,2.9,3.5,1,1,0.634
Dennis Johnson,"1981",26,2,2,4,3,1,0,2,18,17.0,0.516,0.042,0.411,4.0,4.4,8.4,0.154,1.0,0.8,1.8,2.5,1,1,0.695
Marques Johnson,"1981",24,2,3,6,4,1,0,2,20,22.0,0.583,0.008,0.33,7.6,3.6,11.2,0.211,5.1,0.5,5.6,4.9,1,1,0.732
Moses Malone,"1981",25,5,8,14,1,1,1,3,27,25.1,0.585,0.002,0.52,9.5,4.2,13.7,0.202,4.5,-1.2,3.3,4.3,1,1,0.488
Larry Bird,"1982",25,2,8,10,5,1,0,3,22,22.6,0.557,0.037,0.269,6.8,5.7,12.5,0.205,4.4,2.3,6.6,6.4,1,1,0.768
Alex English,"1982",28,2,4,6,5,1,1,3,25,22.2,0.596,0.005,0.285,8.9,0.6,9.5,0.152,4.9,-1.1,3.8,4.4,1,1,0.561
Julius Erving,"1982",31,2,4,6,3,1,1,2,24,25.9,0.593,0.008,0.377,8.7,4.6,13.3,0.229,6.0,1.7,7.7,6.8,1,1,0.707
George Gervin,"1982",29,1,3,4,2,0,0,2,32,24.2,0.562,0.018,0.323,8.7,2.0,10.7,0.182,5.4,-1.5,3.9,4.2,1,1,0.585
Magic Johnson,"1982",22,3,6,9,9,2,0,3,18,22.9,0.59,0.028,0.418,8.1,4.8,12.9,0.207,4.9,2.3,7.2,7.0,1,1,0.695
Bernard King,"1982",25,1,4,5,3,0,0,3,23,19.8,0.6,0.004,0.382,6.6,2.2,8.7,0.147,2.9,-0.6,2.2,3.1,1,1,0.549
Moses Malone,"1982",26,6,7,14,1,0,1,3,31,26.8,0.576,0.003,0.454,11.7,3.7,15.4,0.218,6.2,-1.8,4.5,5.5,1,1,0.561
Sidney Moncrief,"1982",24,2,3,6,4,1,0,2,19,20.1,0.601,0.013,0.539,8.9,4.5,13.4,0.216,3.9,0.9,4.8,5.1,1,1,0.671
Robert Parish,"1982",28,3,7,10,1,0,2,2,19,22.6,0.571,0.0,0.287,5.0,5.1,10.0,0.19,2.6,1.2,3.8,3.7,1,1,0.768
Gus Williams,"1982",28,1,1,3,6,2,0,2,23,21.8,0.526,0.025,0.274,5.9,4.3,10.2,0.171,4.1,1.0,5.1,5.2,1,1,0.634
Kareem Abdul-Jabbar,"1983",35,2,5,7,2,0,2,2,21,23.6,0.619,0.002,0.302,8.0,2.9,10.9,0.205,4.0,0.5,4.5,4.2,1,1,0.707
Larry Bird,"1983",26,2,8,11,5,1,0,3,23,24.1,0.561,0.052,0.282,8.4,5.6,14.0,0.225,5.4,2.1,7.5,7.2,1,1,0.683
Alex English,"1983",29,3,4,7,4,1,1,3,28,24.1,0.561,0.006,0.264,8.7,1.6,10.3,0.166,5.4,-0.8,4.6,5.0,1,1,0.549
Julius Erving,"1983",32,2,4,6,3,1,1,2,21,23.1,0.566,0.006,0.372,6.8,4.1,10.9,0.217,4.6,1.9,6.5,5.2,1,1,0.793
George Gervin,"1983",30,1,3,4,3,1,0,3,26,20.5,0.561,0.021,0.39,7.6,1.8,9.4,0.159,2.9,-1.1,1.8,2.7,1,1,0.646
Magic Johnson,"1983",23,2,5,8,10,2,0,3,16,23.0,0.603,0.023,0.407,8.8,3.8,12.5,0.207,5.4,1.8,7.2,6.8,1,1,0.707
Moses Malone,"1983",27,5,9,15,1,1,2,3,24,25.1,0.578,0.001,0.604,9.1,6.0,15.1,0.248,4.0,-0.3,3.7,4.2,1,1,0.793
Sidney Moncrief,"1983",25,2,3,5,3,1,0,2,22,22.6,0.602,0.009,0.522,9.7,3.5,13.2,0.233,5.1,0.4,5.4,5.1,1,1,0.622
Isiah Thomas,"1983",21,1,2,4,7,2,0,4,22,18.9,0.525,0.081,0.337,4.5,3.0,7.4,0.115,1.9,0.0,1.9,3.0,1,1,0.451
Buck Williams,"1983",22,4,8,12,1,1,1,3,17,18.6,0.611,0.004,0.573,5.5,5.9,11.4,0.185,1.6,0.4,2.0,3.0,1,1,0.598
Kareem Abdul-Jabbar,"1984",36,2,5,7,2,0,1,2,21,21.3,0.608,0.001,0.318,5.9,3.1,8.9,0.163,2.8,0.2,3.0,3.3,1,1,0.659
Larry Bird,"1984",27,2,7,10,6,1,0,3,24,24.2,0.552,0.047,0.273,7.9,5.6,13.6,0.215,5.6,2.0,7.6,7.3,1,1,0.756
Julius Erving,"1984",33,2,4,6,4,1,1,2,22,22.9,0.562,0.016,0.365,5.6,4.5,10.1,0.18,4.3,1.6,5.9,5.3,1,1,0.634
Magic Johnson,"1984",24,1,5,7,13,2,0,4,17,22.6,0.628,0.037,0.459,6.7,3.6,10.2,0.191,4.8,1.8,6.6,5.6,1,1,0.659
Bernard King,"1984",27,1,3,5,2,0,0,2,26,22.7,0.619,0.003,0.403,8.6,3.5,12.1,0.218,4.6,-0.2,4.5,4.3,1,1,0.573
Moses Malone,"1984",28,4,8,13,1,1,1,3,22,21.8,0.566,0.004,0.66,5.0,4.6,9.5,0.175,2.0,-1.2,0.8,1.8,1,1,0.634
Sidney Moncrief,"1984",26,2,3,6,4,1,0,2,20,19.8,0.591,0.016,0.555,8.4,4.2,12.7,0.198,3.7,0.4,4.1,4.7,1,1,0.61
Jim Paxson,"1984",26,0,1,2,3,1,0,1,21,19.5,0.573,0.045,0.31,7.5,1.9,9.5,0.17,2.8,-0.5,2.2,2.9,1,1,0.585
Isiah Thomas,"1984",22,1,2,3,11,2,0,3,21,20.9,0.52,0.045,0.365,5.7,3.4,9.1,0.144,4.0,0.7,4.8,5.1,1,1,0.598
Kareem Abdul-Jabbar,"1985",37,2,5,7,3,0,2,2,21,22.9,0.628,0.001,0.327,7.6,3.6,11.2,0.204,3.9,1.2,5.1,4.8,1,1,0.756
Larry Bird,"1985",28,2,8,10,6,1,1,3,28,26.5,0.585,0.074,0.26,10.5,5.2,15.7,0.238,6.8,2.0,8.8,8.7,1,1,0.768
Terry Cummings,"1985",23,3,5,9,2,1,0,2,23,22.1,0.536,0.001,0.302,5.6,5.1,10.7,0.189,3.6,0.7,4.3,4.3,1,1,0.72
Magic Johnson,"1985",25,1,5,6,12,1,0,3,18,23.2,0.637,0.041,0.516,9.5,3.2,12.7,0.22,5.8,0.8,6.7,6.1,1,1,0.756
Michael Jordan,"1985",21,2,4,6,5,2,0,3,28,25.8,0.592,0.032,0.459,10.3,3.7,14.0,0.213,5.8,1.5,7.3,7.4,1,1,0.463
Bernard King,"1985",28,2,3,5,3,1,0,3,32,25.2,0.585,0.008,0.424,5.7,1.5,7.1,0.166,6.1,-1.0,5.1,3.6,1,1,0.293
Moses Malone,"1985",29,4,8,13,1,0,1,3,24,22.5,0.577,0.002,0.704,7.9,4.0,11.9,0.193,3.0,-1.4,1.6,2.7,1,1,0.707
Sidney Moncrief,"1985",27,2,3,5,5,1,0,2,21,20.1,0.565,0.028,0.472,7.3,3.9,11.2,0.197,3.8,1.0,4.8,4.7,1,1,0.72
Ralph Sampson,"1985",24,2,7,10,2,0,2,3,22,17.4,0.533,0.004,0.299,1.4,4.8,6.2,0.096,-0.3,0.7,0.4,1.8,1,1,0.585
Isiah Thomas,"1985",23,1,3,4,13,2,0,3,21,22.2,0.529,0.08,0.35,7.5,3.6,11.2,0.173,5.1,1.2,6.3,6.5,1,1,0.561
Kareem Abdul-Jabbar,"1986",38,1,4,6,3,0,1,2,23,22.7,0.603,0.001,0.328,7.6,3.2,10.8,0.197,4.4,1.0,5.4,4.9,1,1,0.756
Larry Bird,"1986",29,2,7,9,6,2,0,3,25,25.6,0.58,0.121,0.306,9.6,6.2,15.8,0.244,6.6,2.1,8.7,8.4,1,1,0.817
Alex English,"1986",32,2,2,5,3,0,0,3,29,21.7,0.562,0.003,0.314,7.6,2.3,9.8,0.156,4.4,-1.5,2.9,3.7,1,1,0.573
Magic Johnson,"1986",26,1,4,5,12,1,0,3,18,24.0,0.61,0.047,0.473,9.0,3.1,12.1,0.226,6.0,0.7,6.7,5.7,1,1,0.756
Sidney Moncrief,"1986",28,1,3,4,4,1,0,2,20,20.0,0.604,0.107,0.603,8.3,3.4,11.7,0.219,4.2,0.7,4.9,4.5,1,1,0.695
Hakeem Olajuwon,"1986",23,4,6,11,2,1,3,2,23,24.2,0.56,0.0,0.453,5.3,4.2,9.5,0.186,2.9,1.2,4.0,3.8,1,1,0.622
Alvin Robertson,"1986",23,2,4,6,5,3,0,3,16,19.5,0.563,0.027,0.299,4.0,4.6,8.6,0.143,1.5,3.3,4.7,4.9,1,1,0.427
Isiah Thomas,"1986",24,1,2,3,10,2,0,3,20,21.2,0.554,0.067,0.37,6.1,2.7,8.8,0.151,4.3,0.7,5.0,4.9,1,1,0.561
Dominique Wilkins,"1986",26,3,4,7,2,1,0,3,30,23.3,0.536,0.037,0.372,7.0,3.9,10.8,0.17,4.6,-0.5,4.2,4.8,1,1,0.61
Charles Barkley,"1987",23,5,8,14,4,1,1,4,23,25.1,0.66,0.111,0.602,7.7,4.3,12.0,0.21,5.4,1.3,6.7,6.0,1,1,0.549
Larry Bird,"1987",30,1,7,9,7,1,0,3,28,26.4,0.612,0.15,0.304,10.4,4.8,15.2,0.243,7.3,2.0,9.4,8.6,1,1,0.72
Magic Johnson,"1987",27,1,4,6,12,1,0,3,23,27.0,0.602,0.03,0.482,12.1,3.8,15.9,0.263,7.5,1.3,8.8,8.0,1,1,0.793
Michael Jordan,"1987",23,2,3,5,4,2,1,3,37,29.8,0.562,0.029,0.427,11.9,5.0,16.9,0.247,8.4,2.4,10.8,10.6,1,1,0.488
Moses Malone,"1987",31,4,6,11,1,0,1,2,24,23.8,0.545,0.008,0.528,6.0,3.4,9.4,0.182,4.3,-1.5,2.8,3.0,1,1,0.512
Kevin McHale,"1987",29,3,6,9,2,0,2,2,26,24.0,0.655,0.003,0.392,10.8,4.0,14.8,0.232,4.7,0.4,5.1,5.5,1,1,0.72
Hakeem Olajuwon,"1987",24,4,7,11,2,1,3,3,23,23.8,0.554,0.004,0.428,4.9,6.0,10.9,0.189,3.1,2.7,5.8,5.4,1,1,0.512
Isiah Thomas,"1987",25,1,2,3,10,1,0,4,20,18.8,0.528,0.072,0.385,3.8,3.8,7.6,0.121,2.9,0.4,3.3,4.0,1,1,0.634
Dominique Wilkins,"1987",27,2,3,6,3,1,0,2,29,23.5,0.543,0.059,0.415,8.4,3.7,12.2,0.197,5.5,0.0,5.5,5.6,1,1,0.695
Charles Barkley,"1988",24,4,7,11,3,1,1,3,28,27.6,0.665,0.122,0.741,13.4,3.3,16.7,0.253,7.3,0.1,7.4,7.5,1,1,0.439
Larry Bird,"1988",31,1,7,9,6,1,0,2,29,27.8,0.608,0.142,0.271,11.2,3.8,15.0,0.243,7.8,1.0,8.8,8.1,1,1,0.695
Clyde Drexler,"1988",25,3,3,6,5,2,0,2,26,24.1,0.564,0.031,0.35,9.3,3.9,13.2,0.207,5.7,1.4,7.0,7.0,1,1,0.646
Patrick Ewing,"1988",25,2,5,8,1,1,2,3,20,21.9,0.594,0.003,0.402,3.4,4.7,8.1,0.154,1.9,2.4,4.2,4.0,1,1,0.463
Magic Johnson,"1988",28,1,5,6,11,1,0,3,19,23.1,0.581,0.056,0.491,7.8,3.1,10.9,0.199,5.2,0.8,6.0,5.3,1,1,0.756
Michael Jordan,"1988",24,1,3,5,5,3,1,3,34,31.7,0.603,0.027,0.43,15.2,6.1,21.2,0.308,8.8,4.2,13.0,12.5,1,1,0.61
Hakeem Olajuwon,"1988",25,3,8,12,2,2,2,3,22,23.4,0.555,0.003,0.396,4.4,6.3,10.7,0.182,2.2,2.2,4.4,4.6,1,1,0.561
Dominique Wilkins,"1988",28,2,3,6,2,1,0,2,30,23.7,0.534,0.066,0.335,7.0,2.8,9.8,0.16,5.4,-1.1,4.3,4.7,1,1,0.61
Charles Barkley,"1989",25,5,7,12,4,1,0,3,25,27.0,0.653,0.134,0.661,13.2,2.9,16.1,0.25,7.3,0.2,7.5,7.4,1,1,0.561
Tom Chambers,"1989",29,1,6,8,2,1,0,2,25,19.3,0.547,0.052,0.364,5.1,4.1,9.2,0.146,1.6,-0.2,1.4,2.6,1,1,0.671
Terry Cummings,"1989",27,3,4,8,2,1,0,2,22,19.7,0.518,0.01,0.294,4.2,3.5,7.7,0.131,2.0,-0.8,1.2,2.3,1,1,0.598
Dale Ellis,"1989",28,1,2,4,2,1,0,2,27,19.7,0.589,0.198,0.27,9.2,1.6,10.8,0.163,4.3,-1.6,2.7,3.8,1,1,0.573
Patrick Ewing,"1989",26,2,6,9,2,1,3,3,22,22.1,0.607,0.005,0.378,6.2,4.7,10.9,0.181,2.3,2.3,4.5,4.8,1,1,0.634
Magic Johnson,"1989",29,1,6,7,12,1,0,4,22,26.9,0.625,0.165,0.495,12.1,4.0,16.1,0.267,7.3,2.0,9.4,8.3,1,1,0.695
Michael Jordan,"1989",25,1,6,8,8,2,0,3,32,31.1,0.614,0.055,0.442,14.6,5.2,19.8,0.292,8.4,3.4,11.9,11.4,1,1,0.573
Chris Mullin,"1989",25,1,4,5,5,2,0,3,26,21.9,0.581,0.061,0.339,7.5,3.1,10.6,0.165,3.7,0.3,4.0,4.7,1,1,0.524
Hakeem Olajuwon,"1989",26,4,9,13,1,2,3,3,24,25.2,0.552,0.006,0.419,4.6,7.8,12.4,0.197,2.7,2.9,5.5,5.7,1,1,0.549
Mark Price,"1989",24,0,2,3,8,1,0,2,18,20.6,0.623,0.21,0.29,8.0,3.3,11.3,0.199,4.5,0.0,4.5,4.5,1,1,0.695
Dominique Wilkins,"1989",29,3,3,6,2,1,0,2,26,21.8,0.528,0.06,0.298,7.5,2.9,10.4,0.166,4.5,-1.1,3.4,4.1,1,1,0.634
Charles Barkley,"1990",26,4,6,11,3,1,0,3,25,27.1,0.661,0.078,0.632,13.1,4.2,17.3,0.269,7.2,1.0,8.2,8.0,1,1,0.646
Larry Bird,"1990",33,1,8,9,7,1,0,3,24,21.9,0.546,0.129,0.226,5.3,4.1,9.5,0.154,4.1,1.2,5.3,5.5,1,1,0.634
Tom Chambers,"1990",30,1,5,7,2,1,0,2,27,20.9,0.579,0.053,0.4,7.5,3.7,11.2,0.176,2.7,-0.3,2.3,3.3,1,1,0.659
Clyde Drexler,"1990",27,2,4,6,5,1,0,2,23,22.2,0.551,0.078,0.317,7.3,4.3,11.6,0.208,5.2,2.1,7.3,6.3,1,1,0.72
Joe Dumars,"1990",26,0,2,2,4,0,0,1,17,17.2,0.555,0.052,0.312,5.8,3.0,8.7,0.162,1.9,0.3,2.2,2.7,1,1,0.72
Patrick Ewing,"1990",27,2,8,10,2,0,3,3,28,25.8,0.599,0.002,0.387,8.3,5.3,13.5,0.205,3.7,1.8,5.5,6.0,1,1,0.549
Kevin Johnson,"1990",23,0,3,3,11,1,0,3,22,22.8,0.585,0.035,0.516,9.0,2.6,11.6,0.2,5.3,-0.4,5.0,4.9,1,1,0.659
Magic Johnson,"1990",30,1,4,6,11,1,0,3,22,26.6,0.622,0.243,0.56,12.8,3.8,16.5,0.27,8.3,1.8,10.1,8.9,1,1,0.768
Michael Jordan,"1990",26,1,5,6,6,2,0,3,33,31.2,0.606,0.125,0.356,14.7,4.3,19.0,0.285,9.1,2.1,11.2,10.6,1,1,0.671
Chris Mullin,"1990",26,1,4,5,4,1,0,3,25,22.7,0.643,0.184,0.447,8.9,1.3,10.2,0.174,5.6,-0.7,5.0,5.0,1,1,0.451
Hakeem Olajuwon,"1990",27,3,10,14,2,2,4,3,24,24.1,0.541,0.004,0.333,2.5,8.7,11.2,0.173,1.8,4.0,5.8,6.2,1,1,0.5
David Robinson,"1990",24,3,8,11,2,1,3,3,24,26.3,0.597,0.002,0.644,7.9,7.2,15.1,0.241,4.0,2.9,6.9,6.8,1,1,0.683
James Worthy,"1990",28,2,3,5,3,1,0,2,21,19.8,0.586,0.038,0.244,7.5,3.1,10.6,0.172,3.6,0.2,3.8,4.3,1,1,0.768
Charles Barkley,"1991",27,3,6,10,4,1,0,3,27,28.9,0.635,0.133,0.564,10.3,3.1,13.4,0.258,8.3,1.0,9.3,7.0,1,1,0.537
Clyde Drexler,"1991",28,2,4,6,6,1,0,2,21,22.1,0.563,0.143,0.392,8.0,4.5,12.4,0.209,5.2,1.7,6.8,6.4,1,1,0.768
Joe Dumars,"1991",27,0,1,2,5,1,0,2,20,18.0,0.552,0.035,0.323,6.8,3.1,9.9,0.155,2.6,0.1,2.7,3.6,1,1,0.61
Patrick Ewing,"1991",28,2,8,11,3,0,3,3,26,23.7,0.561,0.004,0.379,4.4,5.6,10.0,0.155,2.5,1.7,4.2,4.9,1,1,0.476
Kevin Johnson,"1991",24,0,2,3,10,2,0,3,22,23.7,0.604,0.038,0.538,9.5,3.3,12.7,0.22,5.5,1.1,6.6,6.0,1,1,0.671
Magic Johnson,"1991",31,1,5,6,12,1,0,3,19,25.1,0.623,0.256,0.587,11.2,4.2,15.4,0.251,7.0,1.9,9.0,8.1,1,1,0.707
Michael Jordan,"1991",27,1,4,6,5,2,1,2,31,31.6,0.605,0.051,0.365,14.9,5.4,20.3,0.321,8.9,3.2,12.0,10.8,1,1,0.744
Bernard King,"1991",34,1,3,4,4,0,0,3,28,19.1,0.527,0.024,0.321,1.9,1.6,3.5,0.07,2.8,-1.7,1.1,1.8,1,1,0.366
Chris Mullin,"1991",27,1,3,5,4,2,0,2,25,21.4,0.618,0.092,0.4,9.7,2.4,12.2,0.176,4.5,0.1,4.7,5.6,1,1,0.537
David Robinson,"1991",25,4,8,12,2,1,3,3,25,27.4,0.615,0.005,0.569,9.4,7.6,17.0,0.264,5.2,3.3,8.5,8.2,1,1,0.671
Dominique Wilkins,"1991",31,3,5,9,3,1,0,2,25,23.5,0.555,0.152,0.35,8.6,2.8,11.4,0.177,5.4,-0.5,4.9,5.4,1,1,0.524
James Worthy,"1991",29,1,3,4,3,1,0,1,21,18.1,0.531,0.062,0.183,5.5,3.5,9.0,0.143,2.2,0.3,2.5,3.4,1,1,0.707
Charles Barkley,"1992",28,3,7,11,4,1,0,3,23,24.5,0.612,0.122,0.58,8.6,3.7,12.3,0.205,5.6,0.8,6.3,6.1,1,1,0.427
Brad Daugherty,"1992",26,2,7,10,3,0,1,2,21,23.0,0.629,0.002,0.528,8.2,3.5,11.7,0.213,4.2,0.6,4.8,4.5,1,1,0.695
Clyde Drexler,"1992",29,2,4,6,6,1,0,3,25,23.6,0.56,0.229,0.342,8.3,4.5,12.8,0.223,6.8,1.9,8.7,7.4,1,1,0.695
Patrick Ewing,"1992",29,2,8,11,1,1,2,2,24,22.8,0.563,0.004,0.335,6.1,6.9,13.0,0.198,2.6,2.2,4.9,5.5,1,1,0.622
Tim Hardaway,"1992",25,1,2,3,9,2,0,3,23,19.1,0.537,0.236,0.244,7.2,2.0,9.2,0.132,3.9,-1.1,2.8,4.1,1,1,0.671
Michael Jordan,"1992",28,1,5,6,6,2,0,2,30,27.7,0.579,0.055,0.325,12.1,5.6,17.7,0.274,7.2,2.5,9.7,9.2,1,1,0.817
Chris Mullin,"1992",28,1,3,5,3,2,0,2,25,19.9,0.586,0.11,0.265,8.1,2.7,10.8,0.155,3.6,0.1,3.7,4.8,1,1,0.671
Scottie Pippen,"1992",26,2,5,7,6,1,1,3,20,21.5,0.555,0.059,0.319,7.1,5.5,12.7,0.192,4.1,2.0,6.1,6.4,1,1,0.817
Mark Price,"1992",27,0,1,2,7,1,0,2,17,22.7,0.61,0.291,0.318,7.5,1.6,9.1,0.205,6.1,-0.4,5.8,4.2,1,1,0.695
David Robinson,"1992",26,3,8,12,2,2,4,2,23,27.5,0.597,0.007,0.522,7.0,6.9,13.9,0.26,4.8,4.6,9.4,7.4,1,1,0.573
Dennis Rodman,"1992",30,6,12,18,2,0,0,1,9,17.0,0.574,0.159,0.22,5.6,7.0,12.6,0.183,1.9,0.9,2.8,4.0,1,1,0.585
Kevin Willis,"1992",29,5,10,15,2,0,0,2,18,19.7,0.535,0.03,0.297,4.7,4.1,8.8,0.143,1.6,-1.4,0.2,1.7,1,1,0.463
Charles Barkley,"1993",29,3,9,12,5,1,0,3,25,25.9,0.596,0.16,0.423,9.6,4.8,14.4,0.242,6.3,1.4,7.8,7.1,1,1,0.756
Joe Dumars,"1993",29,0,1,1,4,1,0,1,23,17.6,0.555,0.206,0.273,7.8,1.3,9.1,0.141,2.9,-0.7,2.1,3.2,1,1,0.488
Patrick Ewing,"1993",30,2,9,12,1,0,1,3,24,20.8,0.546,0.005,0.359,2.6,8.1,10.6,0.17,1.4,2.0,3.4,4.0,1,1,0.732
Tim Hardaway,"1993",26,0,3,3,10,1,0,3,21,19.7,0.534,0.265,0.314,5.9,1.6,7.5,0.138,4.5,-0.9,3.6,3.7,1,1,0.415
Michael Jordan,"1993",29,1,4,6,5,2,0,2,32,29.7,0.564,0.115,0.284,12.0,5.2,17.2,0.27,8.7,2.6,11.2,10.2,1,1,0.695
Hakeem Olajuwon,"1993",30,3,9,13,3,1,4,3,26,27.3,0.577,0.005,0.356,7.9,8.0,15.8,0.234,3.9,3.6,7.5,7.8,1,1,0.671
Scottie Pippen,"1993",27,2,5,7,6,2,0,3,18,19.2,0.51,0.07,0.264,3.8,4.8,8.6,0.132,2.6,1.4,4.0,4.7,1,1,0.695
Mark Price,"1993",28,0,2,2,8,1,0,2,18,22.1,0.609,0.297,0.309,7.4,2.3,9.8,0.197,5.8,-0.6,5.3,4.4,1,1,0.659
David Robinson,"1993",27,2,8,11,3,1,3,2,23,24.2,0.569,0.013,0.568,6.7,6.4,13.2,0.197,3.6,2.7,6.4,6.8,1,1,0.598
Dominique Wilkins,"1993",33,2,4,6,3,0,0,2,29,24.3,0.57,0.199,0.396,9.1,1.4,10.5,0.191,7.1,-1.7,5.4,4.9,1,1,0.524
Charles Barkley,"1994",30,3,8,11,4,1,0,3,21,22.8,0.563,0.17,0.432,5.6,3.3,8.8,0.185,4.5,0.7,5.2,4.2,1,1,0.683
Derrick Coleman,"1994",26,3,7,11,3,0,1,2,20,21.4,0.534,0.1,0.469,5.5,4.4,9.9,0.171,3.3,1.0,4.3,4.4,1,1,0.549
Kevin Johnson,"1994",27,0,1,2,9,1,0,3,20,20.6,0.566,0.028,0.473,7.0,1.7,8.7,0.17,4.1,-0.7,3.4,3.4,1,1,0.683
Shawn Kemp,"1994",24,3,6,10,2,1,2,3,18,22.9,0.593,0.004,0.496,5.6,6.0,11.7,0.216,2.4,2.0,4.4,4.2,1,1,0.768
Shaquille O'Neal,"1994",21,4,8,13,2,0,2,2,29,28.5,0.605,0.001,0.534,12.1,4.8,16.9,0.252,6.2,0.6,6.8,7.2,1,1,0.61
Hakeem Olajuwon,"1994",31,2,9,11,3,1,3,3,27,25.3,0.565,0.011,0.32,6.4,7.9,14.3,0.21,3.5,3.3,6.8,7.3,1,1,0.707
Gary Payton,"1994",25,1,2,3,6,2,0,2,16,17.8,0.526,0.047,0.241,5.2,4.1,9.3,0.155,1.9,1.2,3.1,3.7,1,1,0.768
Scottie Pippen,"1994",28,2,6,8,5,2,0,3,22,23.2,0.544,0.154,0.32,5.2,6.0,11.2,0.194,4.5,3.2,7.7,6.8,1,1,0.671
Mark Price,"1994",29,0,2,3,7,1,0,2,17,22.7,0.586,0.296,0.267,7.6,2.4,10.0,0.201,6.3,0.1,6.4,5.0,1,1,0.573
Mitch Richmond,"1994",28,0,2,3,4,1,0,2,23,17.7,0.551,0.218,0.358,5.2,1.2,6.4,0.106,2.7,-1.1,1.6,2.7,1,1,0.341
David Robinson,"1994",28,3,7,10,4,1,3,3,29,30.7,0.577,0.017,0.558,13.3,6.7,20.0,0.296,8.1,3.8,11.9,11.4,1,1,0.671
Latrell Sprewell,"1994",23,0,3,4,4,2,0,2,20,15.9,0.532,0.276,0.322,4.7,3.2,8.0,0.108,1.6,0.3,1.9,3.5,1,1,0.61
Charles Barkley,"1995",31,2,8,11,4,1,0,2,22,25.2,0.572,0.192,0.444,7.4,3.3,10.6,0.214,5.6,0.7,6.3,5.0,1,1,0.72
Shawn Kemp,"1995",25,3,7,10,1,1,1,3,18,21.7,0.61,0.007,0.587,5.9,4.7,10.6,0.19,1.6,0.1,1.7,2.5,1,1,0.695
Reggie Miller,"1995",29,0,2,2,2,1,0,1,19,20.1,0.62,0.43,0.391,8.5,2.8,11.4,0.204,5.0,0.2,5.2,4.9,1,1,0.634
Shaquille O'Neal,"1995",22,4,7,11,2,0,2,2,29,28.6,0.588,0.003,0.536,9.6,4.4,14.0,0.23,5.6,0.2,5.8,5.7,1,1,0.695
Hakeem Olajuwon,"1995",32,2,8,10,3,1,3,3,27,26.0,0.563,0.01,0.348,5.1,5.6,10.7,0.181,2.8,2.6,5.4,5.4,1,1,0.573
Gary Payton,"1995",26,1,2,3,7,2,0,2,20,21.3,0.564,0.172,0.259,8.2,3.5,11.7,0.187,4.1,0.8,4.9,5.2,1,1,0.695
Scottie Pippen,"1995",29,2,5,8,5,2,1,3,21,22.6,0.559,0.239,0.333,5.1,6.7,11.8,0.188,4.4,3.0,7.5,7.2,1,1,0.573
Mitch Richmond,"1995",29,0,3,4,3,1,0,2,22,17.2,0.551,0.283,0.297,4.9,3.1,8.0,0.12,2.4,-0.3,2.1,3.2,1,1,0.476
David Robinson,"1995",29,2,7,10,2,1,3,2,27,29.1,0.602,0.013,0.57,10.7,6.7,17.5,0.273,6.0,3.2,9.2,8.7,1,1,0.756
Detlef Schrempf,"1995",32,1,4,6,3,1,0,2,19,20.3,0.641,0.182,0.523,9.8,3.1,12.9,0.215,4.3,0.1,4.4,4.7,1,1,0.695
Charles Barkley,"1996",32,3,8,11,3,1,0,3,23,24.8,0.585,0.151,0.488,7.0,3.5,10.5,0.191,5.0,0.6,5.7,5.1,1,1,0.5
Grant Hill,"1996",23,1,8,9,6,1,0,3,20,20.9,0.537,0.021,0.529,6.0,5.7,11.7,0.172,3.1,1.7,4.8,5.6,1,1,0.561
Juwan Howard,"1996",22,2,5,8,4,0,0,3,22,17.0,0.53,0.009,0.284,2.5,3.1,5.6,0.082,0.6,-1.0,-0.4,1.3,1,1,0.476
Michael Jordan,"1996",32,1,4,6,4,2,0,2,30,29.4,0.582,0.141,0.355,14.2,6.2,20.4,0.317,8.3,2.2,10.5,9.8,1,1,0.878
Shawn Kemp,"1996",26,3,7,11,2,1,1,3,19,22.6,0.631,0.013,0.709,5.2,6.1,11.2,0.205,1.5,1.3,2.8,3.2,1,1,0.78
Reggie Miller,"1996",30,0,2,2,3,1,0,2,21,20.1,0.625,0.385,0.467,8.3,2.0,10.3,0.188,5.1,-0.4,4.7,4.5,1,1,0.634
Shaquille O'Neal,"1996",23,3,7,11,2,0,2,2,26,26.4,0.57,0.002,0.495,3.9,3.0,6.9,0.171,3.5,0.2,3.7,2.8,1,1,0.732
Hakeem Olajuwon,"1996",33,2,8,10,3,1,2,3,26,25.5,0.558,0.009,0.367,4.5,5.2,9.7,0.166,2.8,2.0,4.9,4.9,1,1,0.585
Gary Payton,"1996",27,1,2,4,7,2,0,3,19,19.6,0.554,0.234,0.24,5.9,5.6,11.5,0.174,2.8,1.8,4.6,5.2,1,1,0.78
Scottie Pippen,"1996",30,1,4,6,5,1,0,2,19,21.0,0.551,0.33,0.266,7.0,5.3,12.3,0.209,4.6,1.7,6.3,5.9,1,1,0.878
Mitch Richmond,"1996",30,0,2,3,3,1,0,2,23,19.2,0.591,0.376,0.359,7.2,2.1,9.3,0.151,3.9,-0.4,3.5,4.1,1,1,0.476
David Robinson,"1996",30,3,8,12,3,1,3,2,25,29.4,0.589,0.007,0.597,11.1,7.2,18.3,0.29,5.8,3.1,8.9,8.3,1,1,0.72
Vin Baker,"1997",25,3,6,10,2,1,1,3,20,20.1,0.553,0.043,0.416,4.9,3.4,8.3,0.127,2.1,-0.1,2.0,3.2,1,1,0.402
Patrick Ewing,"1997",34,2,8,10,2,0,2,3,22,21.3,0.548,0.007,0.434,2.9,6.9,9.8,0.163,0.9,1.9,2.8,3.5,1,1,0.695
Tim Hardaway,"1997",30,0,2,3,8,1,0,2,20,20.8,0.532,0.426,0.263,7.9,5.0,12.9,0.198,5.2,1.0,6.2,6.5,1,1,0.744
Grant Hill,"1997",24,1,7,9,7,1,0,3,21,25.5,0.556,0.026,0.503,8.7,5.9,14.6,0.223,5.4,2.7,8.2,8.0,1,1,0.659
Michael Jordan,"1997",33,1,4,5,4,1,0,2,29,27.8,0.567,0.157,0.304,13.3,5.0,18.3,0.283,7.8,1.1,8.9,8.6,1,1,0.841
Shaquille O'Neal,"1997",24,3,8,12,3,0,2,2,26,27.1,0.556,0.004,0.483,4.1,3.9,8.0,0.197,4.7,1.8,6.5,4.1,1,1,0.683
Hakeem Olajuwon,"1997",34,2,6,9,3,1,2,3,23,22.7,0.558,0.011,0.313,3.5,5.6,9.1,0.154,1.5,2.0,3.5,4.0,1,1,0.695
Gary Payton,"1997",28,1,3,4,7,2,0,2,21,21.8,0.545,0.256,0.24,8.2,4.7,12.9,0.193,4.4,1.1,5.5,6.1,1,1,0.695
Scottie Pippen,"1997",31,1,4,6,5,1,0,2,20,21.3,0.554,0.31,0.213,7.8,5.2,13.1,0.203,4.3,1.4,5.7,6.1,1,1,0.841
Mitch Richmond,"1997",31,0,3,3,4,1,0,2,25,21.6,0.578,0.302,0.337,8.7,2.1,10.8,0.166,5.2,-0.6,4.6,5.2,1,1,0.415
Vin Baker,"1998",26,3,4,8,1,1,1,2,19,20.4,0.564,0.006,0.452,6.9,3.5,10.4,0.169,1.9,-0.9,1.0,2.2,1,1,0.744
Tim Duncan,"1998",21,3,8,11,2,0,2,3,21,22.6,0.577,0.008,0.375,5.6,7.2,12.8,0.192,2.5,2.1,4.6,5.4,1,1,0.683
Tim Hardaway,"1998",31,0,3,3,8,1,0,2,18,20.6,0.53,0.341,0.254,7.9,3.8,11.7,0.185,4.8,0.4,5.2,5.5,1,1,0.671
Grant Hill,"1998",25,1,6,7,6,1,0,3,21,21.2,0.52,0.015,0.475,5.2,5.1,10.2,0.149,3.3,1.5,4.7,5.6,1,1,0.451
Michael Jordan,"1998",34,1,4,5,3,1,0,2,28,25.2,0.533,0.067,0.381,10.4,5.4,15.8,0.238,5.9,1.0,6.9,7.1,1,1,0.756
Reggie Miller,"1998",32,0,2,2,2,0,0,1,19,19.8,0.619,0.353,0.407,9.2,2.8,12.0,0.206,4.8,0.1,4.8,4.8,1,1,0.707
Dikembe Mutombo,"1998",31,3,8,11,1,0,3,2,13,19.8,0.584,0.0,0.608,5.6,5.2,10.8,0.177,1.2,1.4,2.6,3.4,1,1,0.61
Shaquille O'Neal,"1998",25,3,7,11,2,0,2,2,28,28.8,0.587,0.0,0.594,6.7,3.4,10.2,0.224,5.7,0.2,5.8,4.3,1,1,0.744
Gary Payton,"1998",29,0,3,4,8,2,0,2,19,21.6,0.544,0.311,0.293,8.5,4.0,12.5,0.19,4.4,0.7,5.1,5.7,1,1,0.744
Mitch Richmond,"1998",32,0,2,3,3,1,0,2,23,20.4,0.569,0.274,0.386,6.6,1.3,7.9,0.148,4.4,-0.8,3.6,3.7,1,1,0.329
David Robinson,"1998",32,3,7,10,2,0,2,2,21,27.8,0.581,0.004,0.62,7.8,6.0,13.8,0.269,5.4,2.9,8.3,6.3,1,1,0.683
Kobe Bryant,"2000",21,1,4,6,4,1,0,2,22,21.7,0.546,0.122,0.341,6.1,4.5,10.6,0.202,3.5,1.6,5.1,4.5,1,1,0.817
Vince Carter,"2000",23,1,3,5,3,1,1,2,25,23.4,0.543,0.139,0.325,9.1,2.7,11.8,0.182,5.6,-0.1,5.5,5.9,1,1,0.549
Tim Duncan,"2000",23,3,8,12,3,0,2,3,23,24.8,0.555,0.009,0.471,6.7,6.4,13.0,0.218,3.8,1.8,5.6,5.5,1,1,0.646
Kevin Garnett,"2000",23,2,9,11,4,1,1,3,22,23.6,0.545,0.053,0.265,6.1,5.6,11.6,0.172,4.6,1.7,6.3,6.8,1,1,0.61
Grant Hill,"2000",27,1,5,6,5,1,0,3,25,24.5,0.565,0.069,0.425,8.1,2.6,10.7,0.185,5.4,0.1,5.4,5.2,1,1,0.512
Allen Iverson,"2000",24,1,2,3,4,2,0,3,28,20.0,0.496,0.151,0.358,3.3,3.6,6.9,0.116,3.4,-0.2,3.2,3.8,1,1,0.598
Jason Kidd,"2000",26,1,5,7,10,2,0,3,14,18.4,0.498,0.194,0.287,3.7,4.8,8.5,0.156,2.3,2.0,4.3,4.2,1,1,0.646
Alonzo Mourning,"2000",29,2,6,9,1,0,3,2,21,25.8,0.596,0.003,0.492,7.3,5.6,12.9,0.226,3.1,2.2,5.3,5.0,1,1,0.634
Shaquille O'Neal,"2000",27,4,9,13,3,0,3,2,29,30.6,0.578,0.001,0.495,11.7,7.0,18.6,0.283,7.3,2.0,9.3,9.0,1,1,0.817
Gary Payton,"2000",31,1,5,6,8,1,0,2,24,23.6,0.535,0.312,0.254,10.5,3.5,13.9,0.195,5.8,0.7,6.4,7.3,1,1,0.549
David Robinson,"2000",34,2,7,9,1,1,2,2,17,24.6,0.568,0.002,0.496,6.2,6.4,12.7,0.238,3.1,2.8,5.9,5.1,1,1,0.646
Chris Webber,"2000",26,2,7,10,4,1,1,2,24,23.4,0.53,0.061,0.267,5.7,5.0,10.7,0.179,3.6,2.1,5.7,5.6,1,1,0.537
Ray Allen,"2001",25,1,3,5,4,1,0,2,22,22.9,0.61,0.357,0.299,11.5,2.2,13.7,0.211,5.7,-0.3,5.5,5.9,1,1,0.634
Kobe Bryant,"2001",22,1,4,5,4,1,0,3,28,24.5,0.552,0.132,0.369,9.2,2.2,11.3,0.196,5.1,-0.3,4.8,4.7,1,1,0.683
Vince Carter,"2001",24,2,3,5,3,1,1,2,27,25.0,0.551,0.24,0.303,10.3,2.6,12.9,0.208,7.6,0.1,7.6,7.2,1,1,0.573
Tim Duncan,"2001",24,3,9,12,2,0,2,2,22,23.8,0.536,0.019,0.471,6.2,7.1,13.2,0.2,2.9,1.8,4.7,5.4,1,1,0.707
Kevin Garnett,"2001",24,2,8,11,4,1,1,2,22,23.9,0.531,0.045,0.317,7.0,4.8,11.8,0.176,4.5,1.4,6.0,6.4,1,1,0.573
Allen Iverson,"2001",25,0,3,3,4,2,0,3,31,24.0,0.518,0.169,0.397,7.3,4.5,11.8,0.19,5.0,1.1,6.1,6.1,1,1,0.683
Jason Kidd,"2001",27,1,5,6,9,2,0,3,16,19.4,0.51,0.211,0.367,4.2,5.4,9.6,0.15,2.4,1.7,4.2,4.8,1,1,0.622
Tracy McGrady,"2001",21,2,5,7,4,1,1,2,26,24.9,0.521,0.096,0.34,8.3,3.9,12.2,0.189,6.5,0.5,7.0,7.0,1,1,0.524
Shaquille O'Neal,"2001",28,3,8,12,3,0,2,2,28,30.2,0.574,0.001,0.684,11.1,3.9,14.9,0.245,7.0,0.7,7.7,7.1,1,1,0.683
Gary Payton,"2001",32,0,3,4,8,1,0,2,23,22.1,0.522,0.171,0.223,9.1,1.7,10.8,0.16,4.7,-0.7,4.0,4.9,1,1,0.537
David Robinson,"2001",35,2,6,8,1,1,2,1,14,23.7,0.559,0.001,0.571,6.4,5.7,12.1,0.246,2.5,2.7,5.2,4.3,1,1,0.707
Chris Webber,"2001",27,2,8,11,4,1,1,2,27,24.7,0.516,0.017,0.282,5.8,5.2,11.0,0.186,4.0,1.4,5.5,5.3,1,1,0.671
Kobe Bryant,"2002",23,1,4,5,5,1,0,2,25,23.2,0.544,0.083,0.369,8.9,3.8,12.7,0.199,4.3,0.3,4.6,5.2,1,1,0.707
Tim Duncan,"2002",25,3,9,12,3,0,2,3,25,27.0,0.576,0.007,0.466,10.7,7.1,17.8,0.257,5.4,2.2,7.6,8.0,1,1,0.707
Kevin Garnett,"2002",25,3,9,12,5,1,1,2,21,23.8,0.536,0.083,0.32,7.9,4.9,12.8,0.194,5.1,1.8,6.8,7.1,1,1,0.61
Allen Iverson,"2002",26,0,3,4,5,2,0,3,31,21.9,0.489,0.161,0.351,2.6,4.3,6.9,0.126,3.9,0.8,4.8,4.5,1,1,0.524
Jason Kidd,"2002",28,1,5,7,9,2,0,3,14,19.1,0.484,0.32,0.217,3.1,5.8,8.9,0.14,3.0,1.5,4.5,5.0,1,1,0.634
Tracy McGrady,"2002",22,1,5,7,5,1,0,2,25,25.1,0.532,0.178,0.35,8.1,3.4,11.5,0.189,6.4,0.4,6.8,6.4,1,1,0.537
Dikembe Mutombo,"2002",35,3,7,10,1,0,2,1,11,16.0,0.574,0.0,0.568,4.1,5.5,9.6,0.158,-0.5,1.3,0.7,2.0,1,1,0.524
Steve Nash,"2002",27,0,2,3,7,0,0,2,17,20.7,0.602,0.315,0.269,9.5,0.3,9.9,0.167,5.1,-2.1,3.1,3.6,1,1,0.695
Dirk Nowitzki,"2002",23,1,8,9,2,1,1,1,23,24.1,0.599,0.278,0.41,10.2,3.1,13.4,0.222,5.4,0.1,5.5,5.5,1,1,0.695
Jermaine O'Neal,"2002",23,2,7,10,1,0,2,2,19,18.1,0.521,0.012,0.365,2.3,4.1,6.4,0.113,-0.1,0.2,0.2,1.5,1,1,0.512
Shaquille O'Neal,"2002",29,3,7,10,2,0,2,2,27,29.7,0.59,0.001,0.583,9.2,4.0,13.2,0.262,7.1,0.9,8.0,6.1,1,1,0.707
Gary Payton,"2002",33,0,3,4,8,1,0,2,22,22.9,0.526,0.15,0.212,10.1,2.5,12.6,0.183,5.2,-0.2,5.1,5.9,1,1,0.549
Paul Pierce,"2002",24,0,5,6,3,1,1,2,26,22.3,0.57,0.325,0.402,7.3,5.6,12.9,0.187,4.7,1.3,5.9,6.6,1,1,0.598
Chris Webber,"2002",28,2,7,10,4,1,1,2,24,24.4,0.54,0.018,0.314,4.8,3.9,8.6,0.2,3.8,1.6,5.4,3.9,1,1,0.744
Kobe Bryant,"2003",24,1,5,6,5,2,0,3,30,26.2,0.55,0.168,0.371,11.0,4.0,14.9,0.21,6.3,0.7,7.1,7.7,1,1,0.61
Tim Duncan,"2003",26,3,9,12,3,0,2,3,23,26.9,0.564,0.016,0.455,9.5,6.9,16.5,0.248,5.0,2.5,7.6,7.7,1,1,0.732
Kevin Garnett,"2003",26,2,10,13,6,1,1,2,22,26.4,0.553,0.048,0.339,9.8,5.8,15.6,0.225,6.0,2.4,8.4,8.7,1,1,0.622
Allen Iverson,"2003",27,0,3,4,5,2,0,3,27,21.2,0.5,0.156,0.379,5.0,4.2,9.2,0.127,3.3,0.2,3.5,4.8,1,1,0.585
Jason Kidd,"2003",29,1,4,6,8,2,0,3,18,22.2,0.526,0.297,0.324,5.5,5.8,11.3,0.182,4.8,1.8,6.6,6.5,1,1,0.598
Stephon Marbury,"2003",25,0,2,3,8,1,0,3,22,20.1,0.52,0.193,0.305,7.1,2.5,9.6,0.142,3.7,-0.8,2.9,4.0,1,1,0.537
Jamal Mashburn,"2003",30,0,5,6,5,1,0,2,21,18.0,0.507,0.193,0.233,5.4,3.6,9.0,0.13,2.6,-0.4,2.2,3.5,1,1,0.573
Tracy McGrady,"2003",23,1,4,6,5,1,0,2,32,30.3,0.564,0.247,0.4,13.2,2.9,16.1,0.262,9.8,0.7,10.5,9.3,1,1,0.512
Steve Nash,"2003",28,0,2,2,7,1,0,2,17,22.6,0.576,0.241,0.304,9.7,1.9,11.6,0.206,5.4,-0.8,4.6,4.5,1,1,0.732
Dirk Nowitzki,"2003",24,1,8,9,2,1,1,1,25,25.6,0.581,0.262,0.368,10.8,5.3,16.1,0.249,5.8,1.4,7.2,7.3,1,1,0.732
Jermaine O'Neal,"2003",24,2,7,10,2,0,2,2,20,21.4,0.539,0.017,0.405,5.3,5.2,10.5,0.177,2.0,0.9,2.9,3.5,1,1,0.585
Shaquille O'Neal,"2003",30,3,7,11,3,0,2,2,27,29.5,0.602,0.0,0.599,10.2,3.0,13.2,0.25,6.4,0.1,6.5,5.5,1,1,0.61
Paul Pierce,"2003",25,1,5,7,4,1,0,3,25,22.7,0.532,0.246,0.473,5.3,4.8,10.1,0.157,4.2,0.7,4.9,5.4,1,1,0.537
Ben Wallace,"2003",28,4,11,15,1,1,3,1,6,17.2,0.486,0.014,0.432,2.7,7.9,10.6,0.176,0.4,3.5,3.9,4.3,1,1,0.61
Chris Webber,"2003",29,2,8,10,5,1,1,3,23,20.9,0.485,0.015,0.247,1.7,5.3,6.9,0.127,2.0,1.5,3.5,3.6,1,1,0.72
Kobe Bryant,"2004",25,1,3,5,5,1,0,2,23,23.7,0.551,0.184,0.452,7.8,3.0,10.7,0.21,5.1,0.5,5.6,4.7,1,1,0.683
Sam Cassell,"2004",34,0,2,3,7,1,0,2,19,22.8,0.566,0.146,0.261,8.8,3.3,12.1,0.205,4.1,0.3,4.4,4.6,1,1,0.707
Baron Davis,"2004",24,0,3,4,7,2,0,3,22,20.7,0.492,0.415,0.251,4.3,3.2,7.5,0.133,4.7,0.5,5.2,4.8,1,1,0.5
Tim Duncan,"2004",27,3,9,12,3,0,2,2,22,27.1,0.534,0.01,0.498,5.9,7.2,13.1,0.249,5.2,3.3,8.5,6.7,1,1,0.695
Kevin Garnett,"2004",27,2,10,13,4,1,2,2,24,29.4,0.547,0.027,0.289,10.4,8.0,18.3,0.272,6.8,3.3,10.2,10.0,1,1,0.707
Jason Kidd,"2004",30,1,5,6,9,1,0,3,15,19.7,0.485,0.306,0.26,2.8,4.4,7.2,0.141,3.4,1.3,4.7,4.2,1,1,0.573
Tracy McGrady,"2004",24,1,4,6,5,1,0,2,28,25.3,0.526,0.328,0.319,8.1,0.4,8.4,0.151,7.6,-1.2,6.4,5.7,1,1,0.256
Yao Ming,"2004",23,2,6,8,1,0,1,2,17,21.9,0.586,0.002,0.435,6.5,4.8,11.4,0.202,1.7,1.1,2.8,3.2,1,1,0.549
Dirk Nowitzki,"2004",25,1,7,8,2,1,1,1,21,22.5,0.561,0.221,0.323,9.0,2.5,11.5,0.19,3.8,0.0,3.8,4.3,1,1,0.634
Jermaine O'Neal,"2004",25,2,7,9,2,0,2,2,20,21.1,0.489,0.013,0.329,2.7,6.3,9.0,0.155,1.1,1.3,2.4,3.1,1,1,0.744
Shaquille O'Neal,"2004",31,3,7,11,2,0,2,2,21,24.4,0.578,0.0,0.713,5.9,4.0,9.9,0.192,3.8,1.0,4.8,4.1,1,1,0.683
Michael Redd,"2004",24,1,3,4,2,0,0,1,21,19.9,0.544,0.252,0.306,8.4,1.3,9.7,0.154,3.8,-1.3,2.5,3.5,1,1,0.5
Peja Stojakovic,"2004",26,1,5,6,2,1,0,1,24,21.8,0.624,0.4,0.307,11.4,2.1,13.5,0.198,5.2,-1.3,3.9,4.9,1,1,0.671
Ben Wallace,"2004",29,4,8,12,1,1,3,1,9,17.3,0.441,0.011,0.388,1.1,9.1,10.2,0.16,0.2,3.3,3.5,4.3,1,1,0.659
Metta World Peace,"2004",24,1,3,5,3,2,0,2,18,18.2,0.511,0.218,0.395,2.8,5.2,8.0,0.141,1.6,1.9,3.5,3.8,1,1,0.744
Ray Allen,"2005",29,1,3,4,3,1,0,2,23,20.9,0.555,0.372,0.286,9.7,1.0,10.7,0.168,5.3,-1.2,4.1,4.8,1,1,0.634
Gilbert Arenas,"2005",23,1,3,4,5,1,0,3,25,21.3,0.565,0.369,0.42,9.2,2.3,11.5,0.169,4.7,-0.4,4.2,5.2,1,1,0.549
Kobe Bryant,"2005",26,1,4,5,6,1,0,4,27,23.3,0.563,0.292,0.502,7.1,1.0,8.1,0.145,5.7,-0.8,5.0,4.7,1,1,0.415
Tim Duncan,"2005",28,3,8,11,2,0,2,1,20,27.0,0.54,0.009,0.437,5.5,5.7,11.2,0.245,4.8,2.8,7.6,5.4,1,1,0.72
Kevin Garnett,"2005",28,3,10,13,5,1,1,2,22,28.2,0.567,0.018,0.404,10.1,6.0,16.1,0.248,6.5,3.0,9.5,9.1,1,1,0.537
Allen Iverson,"2005",29,0,3,3,7,2,0,4,30,23.2,0.532,0.186,0.432,5.3,3.7,9.0,0.136,4.2,0.0,4.2,5.0,1,1,0.524
LeBron James,"2005",20,1,5,7,7,2,0,3,27,25.7,0.554,0.183,0.378,9.7,4.6,14.3,0.203,7.0,1.7,8.6,9.1,1,1,0.512
Shawn Marion,"2005",26,2,8,11,1,2,1,1,19,21.7,0.556,0.265,0.213,7.3,5.2,12.5,0.191,3.1,1.3,4.4,5.1,1,1,0.756
Tracy McGrady,"2005",25,0,5,6,5,1,0,2,25,22.9,0.526,0.262,0.336,6.5,5.4,12.0,0.18,5.2,1.5,6.7,6.9,1,1,0.622
Steve Nash,"2005",30,0,2,3,11,0,0,3,15,22.0,0.606,0.254,0.278,9.7,1.2,10.9,0.203,5.5,-0.8,4.7,4.4,1,1,0.756
Dirk Nowitzki,"2005",26,1,8,9,3,1,1,2,26,26.1,0.578,0.158,0.49,10.3,5.2,15.6,0.248,5.8,1.5,7.3,7.1,1,1,0.707
Shaquille O'Neal,"2005",32,3,6,10,2,0,2,2,22,27.0,0.583,0.0,0.699,6.4,4.6,11.0,0.211,4.1,1.2,5.3,4.6,1,1,0.72
Amar'e Stoudemire,"2005",22,2,6,8,1,0,1,2,26,26.6,0.617,0.012,0.595,11.3,3.3,14.6,0.243,4.1,0.3,4.4,4.7,1,1,0.756
Dwyane Wade,"2005",23,1,3,5,6,1,1,4,24,23.1,0.561,0.034,0.578,6.7,4.3,11.0,0.177,3.9,0.7,4.6,4.9,1,1,0.72
Ben Wallace,"2005",30,3,8,12,1,1,2,1,9,17.4,0.459,0.014,0.467,1.8,6.7,8.5,0.153,0.2,2.5,2.8,3.2,1,1,0.659
Gilbert Arenas,"2006",24,0,2,3,6,2,0,3,29,23.8,0.581,0.324,0.479,11.0,2.6,13.6,0.193,5.4,0.0,5.4,6.3,1,1,0.512
Chauncey Billups,"2006",29,0,2,3,8,0,0,2,18,23.4,0.602,0.42,0.514,12.7,2.8,15.5,0.254,6.2,0.1,6.2,6.1,1,1,0.78
Elton Brand,"2006",26,2,7,10,2,1,2,2,24,26.5,0.58,0.002,0.396,9.3,5.5,14.8,0.229,5.1,1.6,6.7,6.8,1,1,0.573
Kobe Bryant,"2006",27,0,4,5,4,1,0,3,35,28.0,0.559,0.238,0.377,11.6,3.7,15.3,0.224,7.4,0.2,7.6,8.0,1,1,0.549
Tim Duncan,"2006",29,2,8,11,3,0,2,2,18,23.1,0.523,0.004,0.45,3.9,6.9,10.8,0.187,2.3,2.6,5.0,4.9,1,1,0.768
Allen Iverson,"2006",30,0,2,3,7,1,0,3,33,25.9,0.543,0.122,0.455,8.8,1.8,10.6,0.165,5.8,-1.0,4.8,5.3,1,1,0.463
LeBron James,"2006",21,0,6,7,6,1,0,3,31,28.1,0.568,0.208,0.447,12.0,4.3,16.3,0.232,7.5,1.6,9.1,9.4,1,1,0.61
Shawn Marion,"2006",27,3,8,11,1,1,1,1,21,23.6,0.591,0.212,0.218,8.6,5.9,14.6,0.214,3.5,1.3,4.8,5.6,1,1,0.659
Yao Ming,"2006",25,2,7,10,1,0,1,2,22,25.6,0.592,0.001,0.439,5.0,3.5,8.6,0.211,3.5,0.9,4.4,3.2,1,1,0.415
Steve Nash,"2006",31,0,3,4,10,0,0,3,18,23.3,0.632,0.324,0.264,10.3,2.1,12.4,0.212,5.7,-0.7,5.0,4.9,1,1,0.659
Dirk Nowitzki,"2006",27,1,7,8,2,0,1,1,26,28.1,0.589,0.173,0.382,13.5,4.3,17.7,0.275,7.8,0.4,8.1,7.9,1,1,0.732
Shaquille O'Neal,"2006",33,2,6,9,1,0,1,2,20,24.4,0.586,0.0,0.589,3.3,2.9,6.2,0.164,2.4,0.3,2.7,2.1,1,1,0.634
Dwyane Wade,"2006",24,1,4,5,6,1,0,3,27,27.6,0.577,0.054,0.568,10.2,4.2,14.4,0.239,5.9,1.8,7.7,7.1,1,1,0.634
Ben Wallace,"2006",31,3,7,11,1,1,2,1,7,17.5,0.501,0.009,0.637,3.3,6.9,10.1,0.168,0.4,3.1,3.5,4.0,1,1,0.78
Carmelo Anthony,"2007",22,2,3,6,3,1,0,3,28,22.1,0.552,0.103,0.391,5.2,2.1,7.3,0.14,3.2,-1.3,1.9,2.5,1,1,0.549
Gilbert Arenas,"2007",25,0,3,4,5,1,0,3,28,24.0,0.565,0.377,0.464,9.3,1.5,10.8,0.177,5.5,-0.8,4.7,5.0,1,1,0.5
Chauncey Billups,"2007",30,0,3,3,7,1,0,2,17,21.3,0.591,0.388,0.536,8.7,2.7,11.4,0.216,4.2,0.5,4.7,4.3,1,1,0.646
Chris Bosh,"2007",22,2,8,10,2,0,1,2,22,22.6,0.577,0.032,0.539,6.1,3.5,9.6,0.174,2.8,-0.1,2.7,3.1,1,1,0.573
Kobe Bryant,"2007",28,0,4,5,5,1,0,3,31,26.1,0.58,0.227,0.437,10.8,2.2,13.0,0.199,6.4,-0.5,5.9,6.1,1,1,0.512
Tim Duncan,"2007",30,2,7,10,3,0,2,2,19,26.1,0.579,0.008,0.502,6.3,6.8,13.0,0.23,3.8,3.2,7.0,6.2,1,1,0.707
Kevin Garnett,"2007",30,2,10,12,4,1,1,2,22,24.1,0.546,0.042,0.371,5.7,4.9,10.7,0.171,3.8,1.7,5.4,5.5,1,1,0.39
Dwight Howard,"2007",21,3,8,12,1,0,1,3,17,21.1,0.619,0.002,0.763,3.9,5.8,9.7,0.154,1.7,1.1,2.8,3.7,1,1,0.488
LeBron James,"2007",22,1,5,6,6,1,0,3,27,24.5,0.552,0.191,0.432,8.0,5.7,13.7,0.206,5.9,2.2,8.1,8.1,1,1,0.61
Tracy McGrady,"2007",27,0,4,5,6,1,0,3,24,23.2,0.515,0.257,0.33,4.1,4.5,8.6,0.163,4.9,1.2,6.1,5.2,1,1,0.634
Yao Ming,"2007",26,2,7,9,1,0,1,3,25,26.5,0.601,0.002,0.504,4.0,3.4,7.4,0.22,3.1,1.9,5.0,2.8,1,1,0.634
Steve Nash,"2007",32,0,3,3,11,0,0,3,18,23.8,0.654,0.353,0.254,10.8,1.7,12.6,0.225,6.7,-0.8,5.9,5.3,1,1,0.744
Dirk Nowitzki,"2007",28,1,7,8,3,0,0,2,24,27.6,0.605,0.129,0.411,11.8,4.5,16.3,0.278,7.2,1.2,8.3,7.4,1,1,0.817
Amar'e Stoudemire,"2007",24,2,6,9,1,0,1,2,20,23.1,0.637,0.003,0.555,7.2,4.0,11.2,0.201,1.5,0.3,1.8,2.6,1,1,0.744
Dwyane Wade,"2007",25,1,3,4,7,2,1,4,27,28.9,0.583,0.082,0.556,5.9,2.9,8.8,0.219,6.3,1.8,8.2,4.9,1,1,0.537
Kobe Bryant,"2008",29,1,5,6,5,1,0,3,28,24.2,0.576,0.246,0.439,9.5,4.3,13.8,0.208,5.2,0.6,5.8,6.3,1,1,0.695
Tim Duncan,"2008",31,3,8,11,2,0,1,2,19,24.4,0.546,0.003,0.393,4.9,6.2,11.1,0.201,3.0,2.2,5.2,4.8,1,1,0.683
Kevin Garnett,"2008",31,1,7,9,3,1,1,1,18,25.3,0.588,0.011,0.339,6.6,6.2,12.9,0.265,4.7,3.5,8.2,6.0,1,1,0.805
Dwight Howard,"2008",22,3,10,14,1,0,2,3,20,22.9,0.619,0.004,0.921,6.4,6.4,12.9,0.2,1.6,1.2,2.8,3.7,1,1,0.634
LeBron James,"2008",23,1,6,7,7,1,1,3,30,29.1,0.568,0.219,0.47,10.7,4.6,15.2,0.242,8.2,2.6,10.9,9.8,1,1,0.549
Yao Ming,"2008",27,3,7,10,2,0,2,3,21,22.5,0.587,0.002,0.477,4.2,4.1,8.3,0.196,1.8,1.6,3.4,2.8,1,1,0.671
Steve Nash,"2008",33,0,3,3,11,0,0,3,16,21.1,0.641,0.396,0.255,9.0,1.4,10.5,0.181,5.8,-1.8,3.9,4.2,1,1,0.671
Dirk Nowitzki,"2008",29,1,7,8,3,0,0,2,23,24.6,0.585,0.167,0.414,8.9,4.0,12.9,0.223,5.6,1.0,6.6,6.0,1,1,0.622
Chris Paul,"2008",22,0,3,4,11,2,0,2,21,28.3,0.576,0.193,0.302,13.2,4.6,17.8,0.284,7.2,3.2,10.4,9.3,1,1,0.683
Paul Pierce,"2008",30,0,4,5,4,1,0,2,19,19.6,0.599,0.332,0.442,6.7,5.7,12.4,0.207,3.3,1.4,4.8,5.0,1,1,0.805
Amar'e Stoudemire,"2008",25,2,6,9,1,0,2,2,25,27.6,0.656,0.026,0.571,10.9,3.8,14.6,0.262,4.2,0.6,4.8,4.6,1,1,0.671
Kobe Bryant,"2009",30,1,4,5,4,1,0,2,26,24.4,0.561,0.196,0.329,8.6,4.0,12.7,0.206,5.6,0.3,5.9,5.9,1,1,0.793
Tim Duncan,"2009",32,2,7,10,3,0,1,2,19,24.4,0.549,0.002,0.436,5.0,5.0,10.1,0.191,3.4,2.0,5.4,4.7,1,1,0.659
Pau Gasol,"2009",28,3,6,9,3,0,1,1,18,22.2,0.617,0.002,0.42,9.8,4.2,13.9,0.223,4.0,0.5,4.5,5.0,1,1,0.793
Dwight Howard,"2009",23,4,9,13,1,0,2,3,20,25.4,0.6,0.002,0.867,6.2,7.6,13.8,0.234,2.1,2.4,4.5,4.7,1,1,0.72
LeBron James,"2009",24,1,6,7,7,1,1,2,28,31.7,0.591,0.238,0.472,13.7,6.5,20.3,0.318,9.5,3.7,13.2,11.8,1,1,0.805
Yao Ming,"2009",28,2,7,9,1,0,1,3,19,22.7,0.618,0.001,0.426,5.6,5.0,10.6,0.196,1.6,1.6,3.1,3.3,1,1,0.646
Dirk Nowitzki,"2009",30,1,7,8,2,0,0,1,25,23.1,0.564,0.105,0.337,7.5,3.4,10.9,0.171,3.7,-0.3,3.4,4.2,1,1,0.61
Shaquille O'Neal,"2009",36,2,5,8,1,0,1,2,17,22.3,0.623,0.001,0.617,5.6,2.2,7.8,0.166,1.9,-0.3,1.7,2.1,1,1,0.561
Tony Parker,"2009",26,0,2,3,6,0,0,2,21,23.4,0.556,0.051,0.287,5.6,3.0,8.6,0.168,3.8,-0.2,3.6,3.5,1,1,0.659
Chris Paul,"2009",23,0,4,5,11,2,0,2,22,30.0,0.599,0.14,0.418,13.3,5.0,18.3,0.292,7.2,3.8,11.0,9.9,1,1,0.598
Paul Pierce,"2009",31,0,4,5,3,0,0,2,20,17.7,0.582,0.257,0.468,5.5,4.8,10.3,0.164,2.4,0.7,3.1,3.9,1,1,0.756
Brandon Roy,"2009",24,1,3,4,5,1,0,1,22,24.0,0.573,0.167,0.383,10.9,2.6,13.5,0.223,6.0,0.1,6.2,6.0,1,1,0.659
Dwyane Wade,"2009",27,1,3,5,7,2,1,3,30,30.4,0.574,0.16,0.443,10.3,4.4,14.7,0.232,8.2,2.4,10.6,9.6,1,1,0.524
Carmelo Anthony,"2010",25,2,4,6,3,1,0,3,28,22.2,0.548,0.125,0.407,5.6,2.4,7.9,0.145,3.5,-1.2,2.3,2.9,1,1,0.646
Kobe Bryant,"2010",31,1,4,5,5,1,0,3,26,21.9,0.545,0.192,0.345,5.4,4.0,9.4,0.16,3.9,0.2,4.1,4.4,1,1,0.695
Tim Duncan,"2010",33,2,7,10,3,0,1,1,17,24.7,0.56,0.01,0.346,6.4,4.5,10.9,0.215,4.4,1.8,6.1,5.0,1,1,0.61
Kevin Durant,"2010",21,1,6,7,2,1,1,3,30,26.2,0.607,0.21,0.504,11.1,5.0,16.1,0.238,6.3,0.8,7.1,7.5,1,1,0.61
Pau Gasol,"2010",29,3,7,11,3,0,1,2,18,22.9,0.593,0.006,0.429,6.8,4.2,11.0,0.22,3.7,1.3,4.9,4.2,1,1,0.695
Dwight Howard,"2010",24,3,9,13,1,0,2,3,18,24.0,0.63,0.008,0.978,6.1,7.1,13.2,0.223,1.6,2.8,4.4,4.6,1,1,0.72
LeBron James,"2010",25,0,6,7,8,1,1,3,29,31.1,0.604,0.253,0.506,13.3,5.2,18.5,0.299,9.1,2.8,11.8,10.3,1,1,0.744
Joe Johnson,"2010",28,0,3,4,4,1,0,1,21,19.3,0.538,0.253,0.194,6.0,2.4,8.4,0.14,3.4,-0.7,2.7,3.4,1,1,0.646
Steve Nash,"2010",35,0,2,3,11,0,0,3,16,21.6,0.615,0.295,0.228,9.1,0.8,9.9,0.178,6.1,-1.8,4.3,4.2,1,1,0.659
Dirk Nowitzki,"2010",31,0,6,7,2,0,0,1,25,22.9,0.578,0.081,0.392,8.4,3.9,12.3,0.194,3.7,0.5,4.2,4.7,1,1,0.671
Brandon Roy,"2010",25,1,3,4,4,0,0,1,21,21.3,0.568,0.213,0.424,7.0,2.1,9.1,0.18,4.7,0.0,4.7,4.1,1,1,0.61
Amar'e Stoudemire,"2010",27,2,6,8,1,0,1,2,23,22.6,0.615,0.005,0.5,8.2,2.5,10.7,0.181,2.1,-1.1,1.0,2.2,1,1,0.659
Dwyane Wade,"2010",28,1,3,4,6,1,1,3,26,28.0,0.562,0.161,0.465,8.5,4.6,13.0,0.224,7.1,2.1,9.2,7.9,1,1,0.573
Kobe Bryant,"2011",32,1,4,5,4,1,0,2,25,23.9,0.548,0.217,0.356,6.8,3.5,10.3,0.178,5.4,-0.2,5.2,5.0,1,1,0.695
Kevin Durant,"2011",22,0,6,6,2,1,0,2,27,23.6,0.589,0.269,0.439,8.6,3.3,12.0,0.189,5.2,-0.3,4.9,5.3,1,1,0.671
Pau Gasol,"2011",30,3,6,10,3,0,1,1,18,23.3,0.589,0.003,0.384,10.0,4.7,14.7,0.232,3.9,0.9,4.8,5.2,1,1,0.695
Al Horford,"2011",24,2,6,9,3,0,1,1,15,20.7,0.587,0.004,0.204,6.4,3.7,10.1,0.179,2.5,1.1,3.6,3.9,1,1,0.537
Dwight Howard,"2011",25,3,10,14,1,1,2,3,22,26.1,0.616,0.007,0.877,6.7,7.7,14.4,0.235,2.9,2.4,5.3,5.4,1,1,0.634
LeBron James,"2011",26,1,6,7,7,1,0,3,26,27.3,0.594,0.188,0.446,10.3,5.3,15.6,0.244,6.3,1.8,8.1,7.8,1,1,0.707
Dirk Nowitzki,"2011",32,0,6,7,2,0,0,1,23,23.4,0.612,0.142,0.376,7.8,3.3,11.1,0.213,4.3,0.8,5.1,4.5,1,1,0.695
Chris Paul,"2011",25,0,3,4,9,2,0,2,15,23.7,0.578,0.197,0.414,9.5,4.4,13.9,0.232,4.4,2.8,7.1,6.7,1,1,0.561
Derrick Rose,"2011",22,1,3,4,7,1,0,3,25,23.5,0.55,0.241,0.348,8.3,4.8,13.1,0.208,6.3,0.5,6.8,6.7,1,1,0.756
Amar'e Stoudemire,"2011",28,2,5,8,2,0,1,3,25,22.7,0.565,0.016,0.403,5.4,2.6,8.0,0.134,2.0,-0.6,1.4,2.4,1,1,0.512
Dwyane Wade,"2011",29,1,4,6,4,1,1,3,25,25.6,0.581,0.149,0.471,8.1,4.7,12.8,0.218,5.5,1.1,6.6,6.1,1,1,0.707
Russell Westbrook,"2011",22,1,3,4,8,1,0,3,21,23.6,0.538,0.074,0.454,6.3,3.1,9.4,0.159,4.3,-0.1,4.2,4.4,1,1,0.671
Carmelo Anthony,"2012",27,1,4,6,3,1,0,2,22,21.1,0.525,0.198,0.358,3.7,2.6,6.2,0.16,3.8,-0.2,3.6,2.7,1,1,0.545
Kobe Bryant,"2012",33,1,4,5,4,1,0,3,27,21.9,0.527,0.215,0.338,4.2,2.0,6.2,0.132,4.2,-0.9,3.3,2.9,1,1,0.621
Andrew Bynum,"2012",24,3,8,11,1,0,1,2,18,22.9,0.594,0.006,0.425,4.8,3.3,8.0,0.183,2.7,0.2,2.9,2.6,1,1,0.621
Kevin Durant,"2012",23,0,7,7,3,1,1,3,28,26.2,0.61,0.265,0.386,8.5,3.7,12.2,0.23,6.2,0.8,7.0,5.8,1,1,0.712
Blake Griffin,"2012",22,3,7,10,3,0,0,2,20,23.4,0.557,0.016,0.458,6.6,2.6,9.2,0.185,3.9,-0.2,3.7,3.4,1,1,0.606
Dwight Howard,"2012",26,3,10,14,1,1,2,3,20,24.2,0.569,0.01,0.788,3.3,4.4,7.7,0.179,2.2,2.0,4.3,3.3,1,1,0.561
LeBron James,"2012",27,1,6,7,6,1,0,3,27,30.7,0.605,0.127,0.429,10.0,4.5,14.5,0.298,8.2,2.7,10.9,7.6,1,1,0.697
Kevin Love,"2012",23,4,9,13,2,0,0,2,26,25.4,0.568,0.266,0.434,7.6,2.3,10.0,0.223,6.1,-0.9,5.2,3.9,1,1,0.394
Dirk Nowitzki,"2012",33,0,6,6,2,0,0,1,21,21.7,0.564,0.205,0.343,5.0,2.6,7.6,0.175,3.7,0.1,3.7,3.0,1,1,0.545
Tony Parker,"2012",29,0,2,2,7,0,0,2,18,22.0,0.539,0.069,0.319,5.5,1.6,7.1,0.177,3.6,-0.9,2.7,2.3,1,1,0.758
Chris Paul,"2012",26,0,2,3,9,2,0,2,19,27.0,0.581,0.239,0.339,10.4,2.3,12.7,0.278,6.7,2.4,9.2,6.1,1,1,0.606
Rajon Rondo,"2012",25,1,3,4,11,1,0,3,11,17.5,0.483,0.073,0.316,1.5,3.4,4.9,0.121,1.5,0.6,2.2,2.1,1,1,0.591
Dwyane Wade,"2012",30,1,3,4,4,1,1,2,22,26.3,0.559,0.067,0.355,4.8,2.9,7.7,0.227,6.0,1.9,7.9,4.0,1,1,0.697
Russell Westbrook,"2012",23,1,3,4,5,1,0,3,23,22.9,0.538,0.155,0.326,5.5,2.4,7.9,0.163,3.7,-0.7,3.0,3.0,1,1,0.712
Carmelo Anthony,"2013",28,2,4,6,2,0,0,2,28,24.8,0.56,0.278,0.344,7.5,2.0,9.5,0.184,6.0,-1.7,4.3,3.9,1,1,0.659
Kobe Bryant,"2013",34,0,4,5,6,1,0,3,27,23.0,0.57,0.255,0.392,8.4,2.6,10.9,0.174,4.7,-0.1,4.6,5.0,1,1,0.549
Tim Duncan,"2013",36,1,8,9,2,0,2,2,17,24.4,0.554,0.007,0.307,3.4,4.9,8.3,0.191,2.4,2.9,5.3,3.8,1,1,0.707
Kevin Durant,"2013",24,0,7,7,4,1,1,3,28,28.3,0.647,0.233,0.523,13.6,5.3,18.9,0.291,7.6,1.7,9.3,8.9,1,1,0.732
Paul George,"2013",22,1,6,7,4,1,0,2,17,16.8,0.531,0.399,0.233,2.7,6.3,9.0,0.145,1.5,2.3,3.8,4.4,1,1,0.605
Blake Griffin,"2013",23,2,5,8,3,1,0,2,18,22.4,0.572,0.026,0.397,6.8,3.9,10.6,0.196,3.2,0.8,4.1,4.0,1,1,0.683
James Harden,"2013",23,0,4,4,5,1,0,3,25,23.0,0.6,0.364,0.592,9.8,3.0,12.8,0.206,5.2,0.5,5.6,5.8,1,1,0.549
Dwight Howard,"2013",27,3,9,12,1,1,2,2,17,19.4,0.573,0.007,0.887,2.8,4.8,7.6,0.134,-0.6,1.1,0.6,1.8,1,1,0.549
LeBron James,"2013",28,1,6,8,7,1,0,2,26,31.6,0.64,0.188,0.395,14.6,4.7,19.3,0.322,9.3,2.4,11.7,9.9,1,1,0.805
David Lee,"2013",29,2,8,11,3,0,0,2,18,19.2,0.561,0.003,0.276,5.4,3.7,9.1,0.15,1.4,0.4,1.8,2.8,1,1,0.573
Tony Parker,"2013",30,0,2,3,7,0,0,2,20,23.0,0.588,0.068,0.332,7.1,2.3,9.3,0.206,4.1,-0.5,3.6,3.1,1,1,0.707
Chris Paul,"2013",27,0,2,3,9,2,0,2,16,26.4,0.594,0.271,0.377,10.6,3.4,13.9,0.287,6.4,2.4,8.8,6.4,1,1,0.683
Dwyane Wade,"2013",31,1,3,4,5,1,0,2,21,24.0,0.571,0.06,0.389,6.1,3.5,9.6,0.192,3.7,0.7,4.4,3.8,1,1,0.805
Russell Westbrook,"2013",24,1,3,5,7,1,0,3,23,23.9,0.532,0.195,0.375,7.7,3.9,11.6,0.195,4.6,-0.2,4.4,4.6,1,1,0.732
LaMarcus Aldridge,"2014",28,2,8,11,2,0,0,1,23,21.8,0.507,0.011,0.253,4.0,3.5,7.5,0.144,2.3,0.1,2.3,2.7,1,1,0.659
Stephen Curry,"2014",25,0,3,4,8,1,0,3,24,24.1,0.61,0.445,0.252,9.3,4.0,13.4,0.225,6.3,1.1,7.4,6.7,1,1,0.622
Kevin Durant,"2014",25,0,6,7,5,1,0,3,32,29.8,0.635,0.291,0.477,14.8,4.4,19.2,0.295,8.8,1.4,10.2,9.6,1,1,0.72
Paul George,"2014",23,0,5,6,3,1,0,2,21,20.1,0.555,0.367,0.341,4.4,6.4,10.8,0.178,2.7,2.1,4.9,5.0,1,1,0.683
Blake Griffin,"2014",24,2,7,9,3,1,0,2,24,23.9,0.583,0.032,0.496,8.1,4.1,12.2,0.205,3.8,0.7,4.5,4.7,1,1,0.695
James Harden,"2014",24,0,3,4,6,1,0,3,25,23.5,0.618,0.401,0.552,10.1,2.7,12.8,0.221,5.4,0.2,5.6,5.3,1,1,0.659
Dwight Howard,"2014",28,3,8,12,1,0,1,3,18,21.3,0.6,0.009,0.798,4.0,4.1,8.0,0.161,0.9,0.8,1.8,2.3,1,1,0.659
LeBron James,"2014",29,1,5,6,6,1,0,3,27,29.3,0.649,0.226,0.432,12.3,3.7,15.9,0.264,7.8,1.1,8.8,7.9,1,1,0.659
Damian Lillard,"2014",23,0,3,3,5,0,0,2,20,18.6,0.568,0.425,0.327,7.8,1.8,9.6,0.157,3.8,-0.6,3.2,3.9,1,1,0.659
Kevin Love,"2014",25,2,9,12,4,0,0,2,26,26.9,0.591,0.355,0.445,10.6,3.7,14.3,0.245,8.3,0.6,8.9,7.7,1,1,0.488
Joakim Noah,"2014",28,3,7,11,5,1,1,2,12,20.0,0.531,0.003,0.419,4.5,6.6,11.2,0.19,1.7,3.6,5.3,5.2,1,1,0.585
Tony Parker,"2014",31,0,2,2,5,0,0,2,16,18.9,0.555,0.073,0.266,3.9,1.9,5.9,0.141,2.0,-1.2,0.9,1.5,1,1,0.756
Chris Paul,"2014",28,0,3,4,10,2,0,2,19,25.9,0.58,0.244,0.397,9.0,3.2,12.2,0.27,6.0,2.6,8.6,5.8,1,1,0.695
LaMarcus Aldridge,"2015",29,2,7,10,1,0,0,1,23,22.8,0.528,0.074,0.256,4.9,3.7,8.6,0.165,3.2,-0.3,2.9,3.1,1,1,0.622
DeMarcus Cousins,"2015",24,3,9,12,3,1,1,4,24,25.2,0.545,0.008,0.508,2.8,3.2,6.0,0.144,2.8,1.5,4.3,3.2,1,1,0.354
Stephen Curry,"2015",26,0,3,4,7,2,0,3,23,28.0,0.638,0.482,0.251,11.5,4.1,15.7,0.288,8.2,1.7,9.9,7.9,1,1,0.817
Anthony Davis,"2015",21,2,7,10,2,1,2,1,24,30.8,0.591,0.01,0.384,9.9,4.2,14.0,0.274,6.6,2.3,8.9,6.7,1,1,0.549
Tim Duncan,"2015",38,2,6,9,2,0,1,1,13,22.6,0.56,0.009,0.38,4.9,4.7,9.6,0.207,2.3,2.8,5.1,4.0,1,1,0.671
Marc Gasol,"2015",30,1,6,7,3,0,1,2,17,21.7,0.558,0.016,0.41,5.5,4.7,10.2,0.182,2.7,2.4,5.1,4.8,1,1,0.671
Pau Gasol,"2015",34,2,8,11,2,0,1,2,18,22.7,0.55,0.023,0.317,6.0,4.4,10.4,0.187,2.9,0.6,3.5,3.7,1,1,0.61
Blake Griffin,"2015",25,1,5,7,5,0,0,2,21,22.8,0.551,0.022,0.373,6.6,2.4,9.0,0.183,3.8,0.2,4.0,3.6,1,1,0.683
James Harden,"2015",25,0,4,5,6,1,0,3,27,26.7,0.605,0.378,0.561,12.2,4.2,16.4,0.265,7.0,1.8,8.8,8.1,1,1,0.683
Kyrie Irving,"2015",22,0,2,3,5,1,0,2,21,21.5,0.583,0.306,0.296,8.4,2.0,10.4,0.183,4.4,-0.4,4.1,4.2,1,1,0.646
LeBron James,"2015",30,0,5,6,7,1,0,3,25,25.9,0.577,0.265,0.413,7.4,2.9,10.4,0.199,6.1,1.0,7.1,5.7,1,1,0.646
Chris Paul,"2015",29,0,3,4,10,1,0,2,19,26.0,0.596,0.298,0.274,12.9,3.2,16.1,0.27,6.4,1.6,8.0,7.2,1,1,0.683
Klay Thompson,"2015",24,0,2,3,2,1,0,1,21,20.8,0.591,0.42,0.197,5.7,3.1,8.8,0.172,4.5,-0.1,4.4,4.0,1,1,0.817
Russell Westbrook,"2015",26,1,5,7,8,2,0,4,28,29.1,0.536,0.196,0.445,7.5,3.2,10.6,0.222,6.9,1.2,8.1,5.8,1,1,0.549
LaMarcus Aldridge,"2016",30,2,6,8,1,0,1,1,17,22.4,0.565,0.015,0.289,5.6,4.5,10.1,0.215,2.0,0.3,2.3,2.5,1,1,0.817
DeMarcus Cousins,"2016",25,2,9,11,3,1,1,3,26,23.6,0.538,0.158,0.498,2.4,3.3,5.7,0.122,2.7,0.6,3.3,3.0,1,1,0.402
Stephen Curry,"2016",27,0,4,5,6,2,0,3,30,31.5,0.669,0.554,0.25,13.8,4.1,17.9,0.318,10.3,1.6,11.9,9.5,1,1,0.89
Andre Drummond,"2016",22,4,9,14,0,1,1,1,16,21.2,0.499,0.006,0.553,2.0,5.5,7.4,0.133,0.8,0.3,1.1,2.0,1,1,0.537
Kevin Durant,"2016",27,0,7,8,5,0,1,3,28,28.2,0.634,0.348,0.361,11.0,3.5,14.5,0.27,8.4,1.6,9.9,7.8,1,1,0.671
Paul George,"2016",25,0,5,6,4,1,0,3,23,20.9,0.557,0.391,0.364,4.4,4.8,9.2,0.157,3.7,1.2,4.9,4.9,1,1,0.549
Draymond Green,"2016",25,1,7,9,7,1,1,3,13,19.3,0.587,0.315,0.402,6.0,5.1,11.1,0.19,2.6,2.9,5.5,5.3,1,1,0.89
LeBron James,"2016",31,1,5,7,6,1,0,3,25,27.5,0.588,0.199,0.347,9.6,4.0,13.6,0.242,7.0,2.0,9.0,7.5,1,1,0.695
Kawhi Leonard,"2016",24,1,5,6,2,1,0,1,21,26.0,0.616,0.267,0.306,8.3,5.5,13.7,0.277,6.1,3.0,9.1,6.7,1,1,0.817
Kyle Lowry,"2016",29,0,4,4,6,2,0,2,21,22.1,0.578,0.457,0.41,8.0,3.7,11.6,0.196,4.7,1.1,5.8,5.7,1,1,0.683
Chris Paul,"2016",30,0,3,4,9,2,0,2,19,26.2,0.575,0.295,0.294,9.2,3.5,12.7,0.253,5.9,2.0,7.9,6.0,1,1,0.646
Klay Thompson,"2016",25,0,3,3,2,0,0,1,22,18.6,0.597,0.469,0.159,5.5,2.6,8.0,0.144,3.4,-1.6,1.8,2.5,1,1,0.89
Russell Westbrook,"2016",27,1,6,7,10,2,0,4,23,27.6,0.554,0.236,0.397,10.0,4.0,14.0,0.245,6.4,1.4,7.8,6.8,1,1,0.671
Giannis Antetokounmpo,"2017",22,1,6,8,5,1,1,2,22,26.1,0.599,0.143,0.486,7.9,4.5,12.4,0.21,4.9,2.4,7.3,6.7,1,1,0.512
Jimmy Butler,"2017",27,1,4,6,5,1,0,2,23,25.1,0.586,0.198,0.54,10.1,3.8,13.8,0.236,5.6,1.7,7.3,6.6,1,1,0.5
Stephen Curry,"2017",28,0,3,4,6,1,0,3,25,24.6,0.624,0.547,0.251,8.7,3.9,12.6,0.229,6.7,0.3,6.9,5.9,1,1,0.817
Anthony Davis,"2017",23,2,9,11,2,1,2,2,27,27.5,0.58,0.088,0.424,5.9,5.1,11.0,0.195,4.4,1.4,5.9,5.4,1,1,0.415
DeMar DeRozan,"2017",27,0,4,5,3,1,0,2,27,24.0,0.552,0.08,0.419,6.7,2.4,9.0,0.166,4.1,-1.0,3.0,3.3,1,1,0.622
Kevin Durant,"2017",28,0,7,8,4,1,1,2,25,27.6,0.651,0.304,0.374,8.0,4.0,12.0,0.278,6.7,2.2,8.9,5.7,1,1,0.817
Draymond Green,"2017",26,1,6,7,7,2,1,2,10,16.5,0.522,0.405,0.328,2.8,5.4,8.2,0.16,1.0,3.9,4.9,4.3,1,1,0.817
James Harden,"2017",27,1,6,8,11,1,0,5,29,27.4,0.613,0.493,0.575,11.5,3.6,15.0,0.245,7.5,1.2,8.7,8.0,1,1,0.671
LeBron James,"2017",32,1,7,8,8,1,0,4,26,27.0,0.619,0.254,0.395,9.8,3.0,12.9,0.221,6.4,1.2,7.6,6.7,1,1,0.622
DeAndre Jordan,"2017",28,3,10,13,1,0,1,1,12,21.8,0.673,0.003,0.737,7.2,4.6,11.8,0.221,2.5,0.9,3.3,3.5,1,1,0.622
Kawhi Leonard,"2017",25,1,4,5,3,1,0,2,25,27.6,0.61,0.295,0.406,8.9,4.7,13.6,0.264,7.1,2.2,9.4,7.1,1,1,0.744
Isaiah Thomas,"2017",27,0,2,2,5,0,0,2,28,26.5,0.625,0.439,0.441,10.9,1.6,12.5,0.234,7.8,-1.1,6.7,5.6,1,1,0.646
John Wall,"2017",26,0,3,4,10,2,0,4,23,23.2,0.541,0.19,0.367,5.8,3.0,8.8,0.149,4.6,0.1,4.7,4.8,1,1,0.598
Russell Westbrook,"2017",28,1,8,10,10,1,0,5,31,30.6,0.554,0.3,0.433,8.5,4.6,13.1,0.224,8.7,2.4,11.1,9.3,1,1,0.573
LaMarcus Aldridge,"2018",32,3,5,8,2,0,1,1,23,25.0,0.57,0.068,0.296,7.4,3.5,10.9,0.209,4.3,-0.4,3.9,3.7,1,1,0.573
Giannis Antetokounmpo,"2018",23,2,7,10,4,1,1,2,26,27.3,0.598,0.1,0.457,8.3,3.6,11.9,0.207,5.3,0.9,6.2,5.7,1,1,0.537
Jimmy Butler,"2018",28,1,3,5,4,1,0,1,22,23.7,0.59,0.217,0.461,7.1,1.8,8.9,0.198,5.0,0.7,5.8,4.2,1,1,0.573
Stephen Curry,"2018",29,0,4,5,6,1,0,3,26,28.2,0.675,0.58,0.35,7.2,1.9,9.1,0.267,7.8,0.0,7.7,4.0,1,1,0.707
Anthony Davis,"2018",24,2,8,11,2,1,2,2,28,28.9,0.612,0.111,0.409,8.8,4.9,13.7,0.241,5.3,1.4,6.7,5.9,1,1,0.585
DeMar DeRozan,"2018",28,0,3,3,5,1,0,2,23,21.0,0.555,0.203,0.396,6.8,2.8,9.6,0.17,3.3,-0.6,2.8,3.2,1,1,0.72
Kevin Durant,"2018",29,0,6,6,5,0,1,3,26,26.0,0.64,0.338,0.331,7.5,2.9,10.4,0.215,6.7,0.6,7.3,5.5,1,1,0.707
Joel Embiid,"2018",23,2,8,10,3,0,1,3,22,22.9,0.573,0.203,0.442,2.3,3.8,6.2,0.155,2.0,1.3,3.3,2.6,1,1,0.634
Paul George,"2018",27,0,4,5,3,2,0,2,21,18.7,0.57,0.454,0.307,5.0,3.9,8.9,0.147,2.3,0.6,2.9,3.6,1,1,0.585
James Harden,"2018",28,0,4,5,8,1,0,4,30,29.8,0.619,0.498,0.502,11.6,3.8,15.4,0.289,8.5,1.4,9.9,7.7,1,1,0.793
LeBron James,"2018",33,1,7,8,9,1,0,4,27,28.6,0.621,0.257,0.336,11.0,3.0,14.0,0.221,7.3,1.4,8.7,8.2,1,1,0.61
Damian Lillard,"2018",27,0,3,4,6,1,0,2,26,25.2,0.594,0.445,0.38,9.9,2.7,12.6,0.227,7.0,0.3,7.2,6.3,1,1,0.598
Victor Oladipo,"2018",25,0,4,5,4,2,0,2,23,23.1,0.577,0.323,0.274,4.3,4.0,8.2,0.155,4.1,1.7,5.8,5.0,1,1,0.585
Karl-Anthony Towns,"2018",22,2,9,12,2,0,1,1,21,24.9,0.646,0.243,0.343,10.6,3.4,14.0,0.23,4.9,0.2,5.1,5.2,1,1,0.573
Russell Westbrook,"2018",29,1,8,10,10,1,0,4,25,24.7,0.524,0.193,0.336,5.5,4.5,10.1,0.166,4.8,1.5,6.3,6.1,1,1,0.585
Giannis Antetokounmpo,"2019",24,2,10,12,5,1,1,3,27,30.9,0.644,0.163,0.55,8.9,5.5,14.4,0.292,6.3,4.1,10.4,7.4,1,1,0.732
Stephen Curry,"2019",30,0,4,5,5,1,0,2,27,24.4,0.641,0.604,0.214,7.2,2.5,9.7,0.199,7.1,-0.5,6.6,5.1,1,1,0.695
Kevin Durant,"2019",30,0,5,6,5,0,1,2,25,24.2,0.631,0.281,0.366,8.6,2.9,11.5,0.204,5.4,0.1,5.5,5.1,1,1,0.695
Joel Embiid,"2019",24,2,11,13,3,0,1,3,27,26.1,0.593,0.219,0.541,4.9,3.8,8.7,0.194,4.0,0.9,4.9,3.8,1,1,0.622
Paul George,"2019",28,1,6,8,4,2,0,2,28,23.3,0.583,0.469,0.335,7.0,4.9,11.9,0.201,5.6,1.6,7.2,6.6,1,1,0.598
Blake Griffin,"2019",29,1,6,7,5,0,0,3,24,21.0,0.581,0.389,0.41,5.1,2.9,8.0,0.147,4.9,0.2,5.1,4.7,1,1,0.5
James Harden,"2019",29,0,5,6,7,2,0,4,36,30.6,0.616,0.539,0.449,11.4,3.8,15.2,0.254,9.4,1.6,11.0,9.3,1,1,0.646
Kyrie Irving,"2019",26,1,3,5,6,1,0,2,23,24.3,0.592,0.35,0.197,6.2,2.9,9.1,0.197,6.0,1.1,7.2,5.1,1,1,0.598
LeBron James,"2019",34,1,7,8,8,1,0,3,27,25.6,0.588,0.299,0.382,4.7,2.6,7.2,0.179,6.4,1.7,8.0,4.9,1,1,0.451
Nikola Jokic,"2019",23,2,7,10,7,1,0,3,20,26.3,0.589,0.224,0.292,7.5,4.3,11.8,0.226,6.2,2.9,9.1,7.0,1,1,0.659
Kawhi Leonard,"2019",27,1,6,7,3,1,0,2,26,25.8,0.606,0.267,0.377,6.1,3.4,9.5,0.224,6.1,1.1,7.2,4.7,1,1,0.707
Damian Lillard,"2019",28,0,3,4,6,1,0,2,25,23.7,0.588,0.419,0.335,9.7,2.4,12.1,0.205,6.6,-0.3,6.4,6.0,1,1,0.646
Kemba Walker,"2019",28,0,3,4,5,1,0,2,25,21.7,0.558,0.434,0.267,5.5,1.9,7.4,0.123,5.2,-1.0,4.2,4.4,1,1,0.476
Russell Westbrook,"2019",30,1,9,11,10,1,0,4,22,21.1,0.501,0.279,0.306,1.8,5.0,6.8,0.124,2.8,2.4,5.2,4.7,1,1,0.598
Giannis Antetokounmpo,"2020",25,2,11,13,5,0,1,3,29,31.9,0.613,0.237,0.508,6.1,5.0,11.1,0.279,7.4,4.1,11.5,6.6,1,1,0.767
Jimmy Butler,"2020",30,1,4,6,6,1,0,2,19,23.6,0.585,0.157,0.693,6.3,2.7,9.0,0.221,4.0,1.5,5.4,3.7,1,1,0.603
Anthony Davis,"2020",26,2,7,9,3,1,2,2,26,27.4,0.61,0.199,0.479,6.7,4.4,11.1,0.25,5.4,2.6,8.0,5.4,1,1,0.732
Luka Doncic,"2020",20,1,8,9,8,1,0,4,28,27.6,0.585,0.431,0.448,6.5,2.3,8.8,0.207,7.4,1.0,8.4,5.4,1,1,0.573
James Harden,"2020",30,1,5,6,7,1,0,4,34,29.1,0.626,0.557,0.528,9.9,3.2,13.1,0.254,8.1,1.6,9.6,7.3,1,1,0.611
LeBron James,"2020",35,0,6,7,10,1,0,3,25,25.5,0.577,0.326,0.292,6.2,3.6,9.8,0.204,6.6,1.8,8.4,6.1,1,1,0.732
Nikola Jokic,"2020",24,2,7,9,7,1,0,3,19,24.9,0.605,0.238,0.281,6.7,3.1,9.8,0.202,5.5,2.0,7.4,5.5,1,1,0.63
Kawhi Leonard,"2020",28,0,6,7,4,1,0,2,27,26.9,0.589,0.287,0.355,5.4,3.3,8.7,0.226,6.5,2.4,8.9,5.1,1,1,0.681
Damian Lillard,"2020",29,0,3,4,8,1,0,2,29,26.9,0.627,0.5,0.384,10.9,0.7,11.6,0.225,8.3,-0.9,7.5,5.9,1,1,0.473
Chris Paul,"2020",34,0,4,4,6,1,0,2,17,21.7,0.61,0.343,0.315,5.9,3.0,8.9,0.193,3.0,1.4,4.4,3.5,1,1,0.611
Pascal Siakam,"2020",25,1,6,7,3,1,0,2,22,17.9,0.554,0.331,0.274,1.8,3.6,5.4,0.123,1.3,0.5,1.8,2.0,1,1,0.736
Ben Simmons,"2020",23,1,5,7,7,2,0,3,16,20.4,0.602,0.011,0.461,3.8,3.1,6.9,0.165,1.3,2.3,3.6,2.8,1,1,0.589
Jayson Tatum,"2020",21,0,6,6,3,1,0,2,23,20.4,0.567,0.383,0.255,3.2,3.7,6.9,0.146,3.5,0.6,4.0,3.4,1,1,0.667
Russell Westbrook,"2020",31,1,6,7,7,1,0,4,27,21.0,0.536,0.166,0.297,1.7,2.5,4.2,0.098,1.6,-0.1,1.5,1.8,1,1,0.611
Giannis Antetokounmpo,"2021",26,1,9,11,5,1,1,3,28,29.2,0.633,0.201,0.528,6.9,3.3,10.2,0.244,6.2,2.6,8.8,5.5,1,1,0.639
Bradley Beal,"2021",27,1,3,4,4,1,0,3,31,22.7,0.593,0.27,0.332,4.2,1.7,5.9,0.132,4.9,-1.7,3.2,2.8,1,1,0.472
Stephen Curry,"2021",32,0,5,5,5,1,0,3,31,26.3,0.655,0.587,0.289,6.5,2.5,9.0,0.201,8.1,0.0,8.1,5.5,1,1,0.542
Luka Doncic,"2021",21,0,7,7,8,0,0,4,27,25.3,0.587,0.406,0.349,5.1,2.6,7.7,0.163,6.1,0.6,6.7,5.0,1,1,0.583
Joel Embiid,"2021",26,2,8,10,2,0,1,3,28,30.3,0.636,0.171,0.61,5.6,3.2,8.8,0.266,6.2,1.0,7.2,3.7,1,1,0.681
Paul George,"2021",30,0,5,6,5,1,0,3,23,20.5,0.598,0.437,0.239,3.0,2.3,5.3,0.139,4.0,-0.4,3.7,2.6,1,1,0.653
LeBron James,"2021",36,0,7,7,7,1,0,3,25,24.2,0.602,0.346,0.31,3.0,2.6,5.6,0.179,5.9,1.6,7.5,3.6,1,1,0.583
Nikola Jokic,"2021",25,2,7,10,8,1,0,3,26,31.3,0.647,0.183,0.305,12.2,3.4,15.6,0.301,9.2,2.5,11.7,8.6,1,1,0.653
Kawhi Leonard,"2021",29,1,5,6,5,1,0,2,24,26.0,0.622,0.28,0.325,6.4,2.4,8.8,0.238,5.7,1.0,6.7,3.9,1,1,0.653
Damian Lillard,"2021",30,0,3,4,7,0,0,3,28,25.6,0.623,0.528,0.363,9.6,0.8,10.4,0.209,7.4,-1.6,5.9,4.8,1,1,0.583
Chris Paul,"2021",35,0,4,4,8,1,0,2,16,21.4,0.599,0.294,0.206,6.5,2.7,9.2,0.201,3.4,1.3,4.7,3.7,1,1,0.708
Julius Randle,"2021",26,1,9,10,6,0,0,3,24,19.7,0.567,0.294,0.325,3.4,4.3,7.8,0.14,3.0,0.7,3.7,3.8,1,1,0.569
