"Player","MP","G","MPG","Year","RPG","APG","SBPG","PPG","TS","WS48","Perc","allLeague"
Dave Cowens,2159,66,32.7,"1980",8.1,3.1,2.0,14.2,0.477,0.121,0.744,1
Larry Bird,2955,82,36.0,"1980",10.4,4.5,2.4,21.3,0.538,0.182,0.744,1
Kareem Abdul-Jabbar,3143,82,38.3,"1980",10.8,4.5,4.4,24.8,0.639,0.227,0.732,1
Magic Johnson,2795,77,36.3,"1980",7.7,7.3,3.0,18.0,0.602,0.18,0.732,1
Dennis Johnson,2937,81,36.3,"1980",5.1,4.1,2.8,19.0,0.489,0.12,0.683,1
Gus Williams,2969,82,36.2,"1980",3.4,4.8,2.9,22.1,0.529,0.187,0.683,1
Jack Sikma,2793,82,34.1,"1980",11.1,3.4,1.8,14.3,0.526,0.148,0.683,1
Julius Erving,2812,78,36.1,"1980",7.4,4.6,4.0,26.9,0.568,0.213,0.72,1
Marques Johnson,2686,77,34.9,"1980",7.4,3.5,2.2,21.7,0.585,0.206,0.598,1
Paul Westphal,2665,82,32.5,"1980",2.3,5.1,1.9,21.9,0.593,0.189,0.671,1
Walter Davis,2309,75,30.8,"1980",3.6,4.5,1.8,21.5,0.608,0.173,0.671,1
Otis Birdsong,2885,82,35.2,"1980",4.0,2.5,1.9,22.7,0.538,0.143,0.573,1
Scott Wedman,2347,68,34.5,"1980",5.7,2.1,1.9,19.0,0.541,0.145,0.573,1
Dan Roundfield,2588,81,32.0,"1980",10.3,2.3,3.0,16.5,0.551,0.169,0.61,1
Eddie Johnson,2622,79,33.2,"1980",2.5,4.7,1.8,18.5,0.538,0.15,0.61,1
John Drew,2306,80,28.8,"1980",5.9,1.3,1.4,19.5,0.532,0.134,0.61,1
Moses Malone,3140,82,38.3,"1980",14.5,1.8,2.3,25.8,0.56,0.183,0.5,1
George Gervin,2934,78,37.6,"1980",5.2,2.6,2.4,33.1,0.587,0.173,0.5,1
Kermit Washington,2657,80,33.2,"1980",10.5,2.1,2.6,13.4,0.584,0.165,0.463,1
Bill Cartwright,3150,82,38.4,"1980",8.9,2.0,1.8,21.7,0.608,0.148,0.476,1
Micheal Ray Richardson,3060,82,37.3,"1980",6.6,10.1,3.7,15.3,0.517,0.094,0.476,1
Elvin Hayes,3183,81,39.3,"1980",11.1,1.6,3.1,23.0,0.492,0.094,0.476,1
World B. Free,2585,68,38.0,"1980",3.5,4.2,1.7,30.2,0.544,0.148,0.427,1
Adrian Dantley,2674,68,39.3,"1980",7.6,2.8,1.6,28.0,0.635,0.189,0.293,1
Bobby Jones,2046,81,25.3,"1981",5.4,2.8,2.1,13.5,0.604,0.217,0.756,1
Julius Erving,2874,82,35.0,"1981",8.0,4.4,3.9,24.6,0.572,0.231,0.756,1
Marques Johnson,2542,76,33.4,"1981",6.8,4.6,2.1,20.3,0.583,0.211,0.732,1
Larry Bird,3239,82,39.5,"1981",10.9,5.5,2.7,21.2,0.528,0.16,0.756,1
Robert Parish,2298,82,28.0,"1981",9.5,1.8,3.6,18.9,0.579,0.228,0.756,1
Tiny Archibald,2820,80,35.3,"1981",2.2,7.7,1.2,13.8,0.582,0.118,0.756,1
Dennis Johnson,2615,79,33.1,"1981",4.6,3.7,2.5,18.8,0.516,0.154,0.695,1
Truck Robinson,3088,82,37.7,"1981",9.6,2.5,1.3,18.8,0.531,0.119,0.695,1
Walter Davis,2182,78,28.0,"1981",2.6,3.9,1.4,18.0,0.579,0.157,0.695,1
Jamaal Wilkes,3028,81,37.4,"1981",5.4,2.9,1.9,22.6,0.556,0.135,0.659,1
Kareem Abdul-Jabbar,2976,80,37.2,"1981",10.3,3.4,3.6,26.2,0.616,0.23,0.659,1
George Gervin,2765,82,33.7,"1981",5.1,3.2,1.8,27.1,0.555,0.182,0.634,1
Artis Gilmore,2832,82,34.5,"1981",10.1,2.1,3.0,17.9,0.699,0.208,0.549,1
Reggie Theus,2820,82,34.4,"1981",3.5,5.2,1.7,18.9,0.578,0.156,0.549,1
Micheal Ray Richardson,3175,79,40.2,"1981",6.9,7.9,3.4,16.4,0.511,0.104,0.61,1
Moses Malone,3245,80,40.6,"1981",14.8,1.8,2.9,27.8,0.585,0.202,0.488,1
Otis Birdsong,2593,71,36.5,"1981",3.6,3.3,1.6,24.6,0.58,0.152,0.488,1
Jack Sikma,2920,82,35.6,"1981",10.4,3.0,2.1,18.7,0.512,0.132,0.415,1
Paul Westphal,1078,36,29.9,"1981",1.9,4.1,1.7,16.7,0.517,0.106,0.415,1
Dan Roundfield,2128,63,33.8,"1981",10.1,2.6,3.1,17.6,0.575,0.159,0.378,1
Eddie Johnson,2693,75,35.9,"1981",2.4,5.4,1.8,19.1,0.554,0.122,0.378,1
Mike Mitchell,3194,82,39.0,"1981",6.1,1.7,1.4,24.5,0.513,0.091,0.341,1
Adrian Dantley,3417,80,42.7,"1981",6.4,4.0,1.6,30.7,0.622,0.191,0.341,1
Larry Bird,2923,77,38.0,"1982",10.9,5.8,2.7,22.9,0.557,0.205,0.768,1
Robert Parish,2534,80,31.7,"1982",10.8,1.8,3.3,19.9,0.571,0.19,0.768,1
Bobby Jones,2181,76,28.7,"1982",5.2,2.5,2.8,14.4,0.62,0.181,0.707,1
Julius Erving,2789,81,34.4,"1982",6.9,3.9,3.7,24.4,0.593,0.229,0.707,1
Bob Lanier,1986,74,26.8,"1982",5.2,3.0,1.7,13.5,0.596,0.16,0.671,1
Sidney Moncrief,2980,80,37.3,"1982",6.7,4.8,2.0,19.8,0.601,0.216,0.671,1
Kareem Abdul-Jabbar,2677,76,35.2,"1982",8.7,3.0,3.6,23.9,0.608,0.192,0.695,1
Magic Johnson,2991,78,38.3,"1982",9.6,9.5,3.1,18.6,0.59,0.207,0.695,1
Norm Nixon,3024,82,36.9,"1982",2.1,8.0,1.7,17.6,0.525,0.104,0.695,1
Gus Williams,2876,80,36.0,"1982",3.1,6.9,2.6,23.4,0.526,0.171,0.634,1
Jack Sikma,3049,82,37.2,"1982",12.7,3.4,2.5,19.6,0.559,0.199,0.634,1
Lonnie Shelton,2667,81,32.9,"1982",6.3,3.1,1.8,14.9,0.523,0.105,0.634,1
Dennis Johnson,2937,80,36.7,"1982",5.1,4.6,2.0,19.5,0.54,0.132,0.561,1
George Gervin,2817,79,35.7,"1982",5.0,2.4,1.5,32.3,0.562,0.182,0.585,1
Bernard King,2861,79,36.2,"1982",5.9,3.6,1.3,23.2,0.6,0.147,0.549,1
Buck Williams,2825,82,34.5,"1982",12.3,1.3,2.0,15.5,0.603,0.152,0.537,1
Dan Roundfield,2217,61,36.3,"1982",11.8,2.7,2.6,18.6,0.527,0.141,0.512,1
Alex English,3015,82,36.8,"1982",6.8,5.3,2.5,25.4,0.596,0.152,0.561,1
Moses Malone,3398,81,42.0,"1982",14.7,1.8,2.5,31.1,0.576,0.218,0.561,1
Isiah Thomas,2433,72,33.8,"1982",2.9,7.8,2.3,17.0,0.487,0.046,0.476,1
Kelly Tripucka,3077,82,37.5,"1982",5.4,3.3,1.3,21.6,0.57,0.117,0.476,1
Artis Gilmore,2796,82,34.1,"1982",10.2,1.7,3.3,18.5,0.702,0.208,0.415,1
Micheal Ray Richardson,3044,82,37.1,"1982",6.9,7.0,3.1,17.9,0.498,0.086,0.402,1
Adrian Dantley,3222,81,39.8,"1982",6.3,4.0,1.3,30.3,0.631,0.187,0.305,1
Andrew Toney,2474,81,30.5,"1983",2.8,4.5,1.2,19.7,0.558,0.141,0.793,1
Julius Erving,2421,72,33.6,"1983",6.8,3.7,3.4,21.4,0.566,0.217,0.793,1
Maurice Cheeks,2465,79,31.2,"1983",2.6,6.9,2.7,12.5,0.582,0.183,0.793,1
Moses Malone,2922,78,37.5,"1983",15.3,1.3,3.2,24.5,0.578,0.248,0.793,1
Jamaal Wilkes,2552,80,31.9,"1983",4.3,2.3,1.0,19.6,0.558,0.139,0.707,1
Kareem Abdul-Jabbar,2554,79,32.3,"1983",7.5,2.5,2.9,21.8,0.619,0.205,0.707,1
Magic Johnson,2907,79,36.8,"1983",8.6,10.5,2.8,16.8,0.603,0.207,0.707,1
Larry Bird,2982,79,37.7,"1983",11.0,5.8,2.8,23.6,0.561,0.225,0.683,1
Robert Parish,2459,78,31.5,"1983",10.6,1.8,2.9,19.3,0.582,0.211,0.683,1
Maurice Lucas,2586,77,33.6,"1983",10.4,2.8,1.3,16.5,0.528,0.132,0.646,1
Marques Johnson,2853,80,35.7,"1983",7.0,4.5,2.0,21.4,0.543,0.18,0.622,1
Sidney Moncrief,2710,76,35.7,"1983",5.8,3.9,1.8,22.5,0.602,0.233,0.622,1
Artis Gilmore,2797,82,34.1,"1983",12.0,1.5,2.8,18.0,0.668,0.189,0.646,1
George Gervin,2830,78,36.3,"1983",4.6,3.4,2.0,26.2,0.561,0.159,0.646,1
David Thompson,2155,75,28.7,"1983",3.6,3.0,1.1,15.9,0.545,0.12,0.585,1
Gus Williams,2761,80,34.5,"1983",2.6,8.0,2.6,20.0,0.517,0.148,0.585,1
Jack Sikma,2564,75,34.2,"1983",11.4,3.1,2.0,18.2,0.546,0.183,0.585,1
Buck Williams,2961,82,36.1,"1983",12.5,1.5,2.5,17.0,0.611,0.185,0.598,1
Jim Paxson,2740,81,33.8,"1983",2.1,2.9,1.9,21.7,0.573,0.178,0.561,1
Alex English,2988,82,36.4,"1983",7.3,4.8,3.0,28.4,0.561,0.166,0.549,1
Kiki Vandeweghe,2909,82,35.5,"1983",5.3,2.5,1.3,26.7,0.613,0.182,0.549,1
Bill Laimbeer,2871,82,35.0,"1983",12.1,3.2,2.1,13.6,0.552,0.142,0.451,1
Isiah Thomas,3093,81,38.2,"1983",4.0,7.8,2.8,22.9,0.525,0.115,0.451,1
Reggie Theus,2856,82,34.8,"1983",3.7,5.9,2.0,23.8,0.541,0.11,0.341,1
Kevin McHale,2577,82,31.4,"1984",7.4,1.3,1.8,18.4,0.605,0.196,0.756,1
Larry Bird,3028,79,38.3,"1984",10.1,6.6,2.7,24.2,0.552,0.215,0.756,1
Robert Parish,2867,80,35.8,"1984",10.7,1.7,2.1,19.0,0.584,0.175,0.756,1
Sidney Moncrief,3075,79,38.9,"1984",6.7,4.5,1.7,20.9,0.591,0.198,0.61,1
Bernard King,2667,77,34.6,"1984",5.1,2.1,1.2,26.3,0.619,0.218,0.573,1
Kareem Abdul-Jabbar,2622,80,32.8,"1984",7.3,2.6,2.5,21.5,0.608,0.163,0.659,1
Magic Johnson,2567,67,38.3,"1984",7.3,13.1,3.0,17.6,0.628,0.191,0.659,1
Jim Paxson,2686,81,33.2,"1984",2.1,3.1,1.6,21.3,0.573,0.17,0.585,1
Bill Laimbeer,2864,82,34.9,"1984",12.2,1.8,1.6,17.3,0.59,0.181,0.598,1
Isiah Thomas,3007,82,36.7,"1984",4.0,11.1,2.9,21.3,0.52,0.144,0.598,1
Kelly Tripucka,2493,76,32.8,"1984",4.0,3.0,1.1,21.3,0.53,0.109,0.598,1
Andrew Toney,2556,78,32.8,"1984",2.5,4.8,1.2,20.4,0.597,0.12,0.634,1
Julius Erving,2683,77,34.8,"1984",6.9,4.0,3.6,22.4,0.562,0.18,0.634,1
Moses Malone,2613,71,36.8,"1984",13.4,1.4,2.5,22.7,0.566,0.175,0.634,1
Otis Birdsong,2168,69,31.4,"1984",2.5,3.9,1.5,19.8,0.53,0.1,0.549,1
Adrian Dantley,2984,79,37.8,"1984",5.7,3.9,0.8,30.6,0.652,0.235,0.549,1
Rickey Green,2768,81,34.2,"1984",2.8,9.2,2.8,13.2,0.532,0.138,0.549,1
Walter Davis,2546,78,32.6,"1984",2.6,5.5,1.5,20.0,0.559,0.118,0.5,1
Mark Aguirre,2900,79,36.7,"1984",5.9,4.5,1.3,29.5,0.572,0.149,0.524,1
Jack Sikma,2993,82,36.5,"1984",11.1,4.0,2.3,19.1,0.572,0.156,0.512,1
George Gervin,2584,76,34.0,"1984",4.1,2.9,1.7,25.9,0.551,0.102,0.451,1
Alex English,2870,82,35.0,"1984",5.7,5.0,2.2,26.4,0.57,0.136,0.463,1
Kiki Vandeweghe,2734,78,35.1,"1984",4.8,3.1,1.3,29.4,0.618,0.181,0.463,1
Ralph Sampson,2693,82,32.8,"1984",11.1,2.0,3.3,21.0,0.551,0.108,0.354,1
Jeff Ruland,3082,75,41.1,"1984",12.3,3.9,1.9,22.2,0.633,0.144,0.427,1
Kareem Abdul-Jabbar,2630,79,33.3,"1985",7.9,3.2,2.8,22.0,0.628,0.204,0.756,1
Magic Johnson,2781,77,36.1,"1985",6.2,12.6,1.8,18.3,0.637,0.22,0.756,1
Sidney Moncrief,2734,73,37.5,"1985",5.4,5.2,2.1,21.7,0.565,0.197,0.72,1
Terry Cummings,2722,79,34.5,"1985",9.1,2.9,2.3,23.6,0.536,0.189,0.72,1
Dennis Johnson,2976,80,37.2,"1985",4.0,6.8,1.7,15.7,0.522,0.103,0.768,1
Larry Bird,3161,80,39.5,"1985",10.5,6.6,2.8,28.7,0.585,0.238,0.768,1
Robert Parish,2850,79,36.1,"1985",10.6,1.6,2.0,17.6,0.586,0.151,0.768,1
Julius Erving,2535,78,32.5,"1985",5.3,3.0,3.1,20.0,0.546,0.144,0.707,1
Moses Malone,2957,79,37.4,"1985",13.1,1.6,2.4,24.6,0.577,0.193,0.707,1
Bill Laimbeer,2892,82,35.3,"1985",12.4,1.9,1.7,17.5,0.548,0.162,0.561,1
Isiah Thomas,3089,81,38.1,"1985",4.5,13.9,2.6,21.2,0.529,0.173,0.561,1
Alex English,2924,81,36.1,"1985",5.7,4.2,1.8,27.9,0.561,0.146,0.634,1
Calvin Natt,2657,78,34.1,"1985",7.8,3.1,1.4,23.3,0.604,0.185,0.634,1
Rolando Blackman,2834,81,35.0,"1985",3.7,3.6,1.0,19.7,0.566,0.123,0.537,1
Hakeem Olajuwon,2914,82,35.5,"1985",11.9,1.4,3.9,20.6,0.564,0.168,0.585,1
Ralph Sampson,3086,82,37.6,"1985",10.4,2.7,3.0,22.1,0.533,0.096,0.585,1
George Gervin,2091,72,29.0,"1985",3.3,2.5,1.6,21.2,0.564,0.106,0.5,1
Micheal Ray Richardson,3127,82,38.1,"1985",5.6,8.2,3.2,20.1,0.513,0.134,0.512,1
Adrian Dantley,1971,55,35.8,"1985",5.9,3.4,1.2,26.6,0.607,0.194,0.5,1
Jeff Ruland,1436,37,38.8,"1985",11.1,4.4,1.6,18.9,0.617,0.111,0.488,1
Michael Jordan,3144,82,38.3,"1985",6.5,5.9,3.2,28.2,0.592,0.213,0.463,1
Larry Nance,2202,61,36.1,"1985",8.8,2.6,3.1,19.9,0.612,0.173,0.439,1
Norm Nixon,2894,81,35.7,"1985",2.7,8.8,1.2,17.2,0.507,0.061,0.378,1
Bernard King,2063,55,37.5,"1985",5.8,3.7,1.6,32.9,0.585,0.166,0.293,1
Jack Sikma,2402,68,35.3,"1985",10.6,4.2,2.6,18.5,0.564,0.166,0.378,1
Kevin McHale,2397,68,35.3,"1986",8.1,2.7,2.4,21.3,0.623,0.22,0.817,1
Larry Bird,3113,82,38.0,"1986",9.8,6.8,2.6,25.8,0.58,0.244,0.817,1
Robert Parish,2567,81,31.7,"1986",9.5,1.8,2.2,16.1,0.586,0.171,0.817,1
Sidney Moncrief,2567,73,35.2,"1986",4.6,4.9,1.7,20.2,0.604,0.219,0.695,1
James Worthy,2454,75,32.7,"1986",5.2,2.7,2.1,20.0,0.613,0.185,0.756,1
Kareem Abdul-Jabbar,2629,79,33.3,"1986",6.1,3.5,2.5,23.4,0.603,0.197,0.756,1
Magic Johnson,2578,72,35.8,"1986",5.9,12.6,1.8,18.8,0.61,0.226,0.756,1
Hakeem Olajuwon,2467,68,36.3,"1986",11.5,2.0,5.4,23.5,0.56,0.186,0.622,1
Ralph Sampson,2864,79,36.3,"1986",11.1,3.6,2.9,18.9,0.516,0.084,0.622,1
Dominique Wilkins,3049,78,39.1,"1986",7.9,2.6,2.4,30.3,0.536,0.17,0.61,1
Charles Barkley,2952,80,36.9,"1986",12.8,3.9,3.7,20.0,0.619,0.176,0.659,1
Julius Erving,2474,74,33.4,"1986",5.0,3.4,2.6,18.1,0.537,0.114,0.659,1
Maurice Cheeks,3270,82,39.9,"1986",2.9,9.2,2.9,15.4,0.597,0.155,0.659,1
Moses Malone,2706,74,36.6,"1986",11.8,1.2,1.9,23.8,0.553,0.157,0.659,1
Alex English,3024,81,37.3,"1986",5.0,4.0,1.3,29.8,0.562,0.156,0.573,1
Rolando Blackman,2787,82,34.0,"1986",3.5,3.3,1.3,21.5,0.576,0.121,0.537,1
Isiah Thomas,2790,77,36.2,"1986",3.6,10.8,2.5,20.9,0.554,0.151,0.561,1
Clyde Drexler,2576,75,34.3,"1986",5.6,8.0,3.2,18.5,0.53,0.124,0.488,1
Adrian Dantley,2744,76,36.1,"1986",5.2,3.5,0.9,29.8,0.629,0.223,0.512,1
Alvin Robertson,2878,82,35.1,"1986",6.3,5.5,4.2,17.0,0.563,0.143,0.427,1
Artis Gilmore,2395,71,33.7,"1986",8.5,1.4,2.1,16.7,0.661,0.143,0.427,1
Jeff Malone,2992,80,37.4,"1986",3.6,2.4,1.0,22.4,0.533,0.098,0.476,1
Buck Williams,3070,82,37.4,"1986",12.0,1.6,2.1,15.9,0.565,0.106,0.476,1
Michael Jordan,451,18,25.1,"1986",3.6,2.9,3.2,22.7,0.533,0.16,0.366,1
Patrick Ewing,1771,50,35.4,"1986",9.0,2.0,3.1,20.0,0.526,0.084,0.28,1
Marques Johnson,2605,75,34.7,"1986",5.5,3.8,2.1,20.3,0.555,0.108,0.39,1
James Worthy,2819,82,34.4,"1987",5.7,2.8,2.3,19.4,0.578,0.158,0.793,1
Kareem Abdul-Jabbar,2441,78,31.3,"1987",6.7,2.6,1.9,17.5,0.597,0.148,0.793,1
Magic Johnson,2904,80,36.3,"1987",6.3,12.2,2.2,23.9,0.602,0.263,0.793,1
Dominique Wilkins,2969,79,37.6,"1987",6.3,3.3,2.1,29.0,0.543,0.197,0.695,1
Kevin McHale,3060,77,39.7,"1987",9.9,2.6,2.7,26.1,0.655,0.232,0.72,1
Larry Bird,3005,74,40.6,"1987",9.2,7.6,2.8,28.1,0.612,0.243,0.72,1
Robert Parish,2995,80,37.4,"1987",10.6,2.2,2.6,17.5,0.588,0.147,0.72,1
Mark Aguirre,2663,80,33.3,"1987",5.3,3.2,1.4,25.7,0.56,0.16,0.671,1
Rolando Blackman,2758,80,34.5,"1987",3.5,3.3,1.1,21.0,0.569,0.14,0.671,1
Bill Laimbeer,2854,82,34.8,"1987",11.6,1.8,1.7,15.4,0.559,0.176,0.634,1
Isiah Thomas,3013,81,37.2,"1987",3.9,10.0,2.1,20.6,0.528,0.121,0.634,1
Hakeem Olajuwon,2760,75,36.8,"1987",11.4,2.9,5.3,23.4,0.554,0.189,0.512,1
Ralph Sampson,1326,43,30.8,"1987",8.7,2.8,2.3,15.6,0.518,0.078,0.512,1
Michael Jordan,3281,82,40.0,"1987",5.2,4.6,4.4,37.1,0.562,0.247,0.488,1
Tom Chambers,3018,82,36.8,"1987",6.6,3.0,1.6,23.3,0.554,0.118,0.476,1
Charles Barkley,2740,68,40.3,"1987",14.6,4.9,3.3,23.0,0.66,0.21,0.549,1
Julius Erving,1918,60,32.0,"1987",4.4,3.2,2.8,16.8,0.527,0.088,0.549,1
Maurice Cheeks,2624,68,38.6,"1987",3.2,7.9,2.9,15.6,0.579,0.145,0.549,1
Alex English,3085,82,37.6,"1987",4.2,5.1,1.1,28.6,0.549,0.126,0.451,1
Fat Lever,3054,82,37.2,"1987",8.9,8.0,2.9,18.9,0.515,0.153,0.451,1
Jeff Malone,2763,80,34.5,"1987",2.7,3.7,1.1,22.0,0.518,0.097,0.512,1
Moses Malone,2488,73,34.1,"1987",11.3,1.6,2.1,24.1,0.545,0.182,0.512,1
Walter Davis,2646,79,33.5,"1987",3.1,4.6,1.3,23.6,0.562,0.105,0.439,1
Joe Barry Carroll,2724,81,33.6,"1987",7.3,2.6,2.7,21.2,0.521,0.082,0.512,1
Sleepy Floyd,3064,82,37.4,"1987",3.3,10.3,2.0,18.8,0.608,0.157,0.512,1
Alvin Robertson,2697,81,33.3,"1987",5.2,5.2,3.6,17.7,0.51,0.094,0.341,1
Danny Ainge,3018,81,37.3,"1988",3.1,6.2,1.6,15.7,0.598,0.136,0.695,1
Kevin McHale,2390,64,37.3,"1988",8.4,2.7,1.9,22.6,0.656,0.205,0.695,1
Larry Bird,2965,76,39.0,"1988",9.3,6.1,2.4,29.9,0.608,0.243,0.695,1
James Worthy,2655,75,35.4,"1988",5.0,3.9,1.7,19.7,0.571,0.143,0.756,1
Kareem Abdul-Jabbar,2308,80,28.9,"1988",6.0,1.7,1.8,14.6,0.57,0.111,0.756,1
Magic Johnson,2637,72,36.6,"1988",6.2,11.9,1.8,19.6,0.581,0.199,0.756,1
Isiah Thomas,2927,81,36.1,"1988",3.4,8.4,2.0,19.5,0.521,0.124,0.659,1
James Donaldson,2523,81,31.1,"1988",9.3,0.8,1.8,7.0,0.616,0.119,0.646,1
Mark Aguirre,2610,77,33.9,"1988",5.6,3.6,1.6,25.1,0.539,0.163,0.646,1
Clyde Drexler,3060,81,37.8,"1988",6.6,5.8,3.1,27.0,0.564,0.207,0.646,1
Steve Johnson,1050,43,24.4,"1988",5.6,1.3,1.1,15.4,0.554,0.058,0.646,1
Alex English,2818,80,35.2,"1988",4.7,4.7,1.2,25.0,0.535,0.129,0.659,1
Fat Lever,3061,82,37.3,"1988",8.1,7.8,3.0,18.9,0.516,0.163,0.659,1
John Stockton,2842,82,34.7,"1988",2.9,13.8,3.1,14.7,0.645,0.238,0.573,1
Karl Malone,3198,82,39.0,"1988",12.0,2.4,2.0,27.7,0.568,0.152,0.573,1
Doc Rivers,2502,80,31.3,"1988",4.6,9.3,2.3,14.2,0.527,0.159,0.61,1
Dominique Wilkins,2948,78,37.8,"1988",6.4,2.9,1.9,30.7,0.534,0.16,0.61,1
Michael Jordan,3311,82,40.4,"1988",5.5,5.9,4.8,35.0,0.603,0.308,0.61,1
Xavier McDaniel,2703,78,34.7,"1988",6.6,3.4,1.9,21.4,0.528,0.11,0.537,1
Hakeem Olajuwon,2825,79,35.8,"1988",12.1,2.1,4.8,22.8,0.555,0.182,0.561,1
Brad Daugherty,2957,79,37.4,"1988",8.4,4.2,1.3,18.7,0.563,0.107,0.512,1
Patrick Ewing,2546,82,31.0,"1988",8.2,1.5,4.3,20.2,0.594,0.154,0.463,1
Moses Malone,2692,79,34.1,"1988",11.2,1.4,1.7,20.3,0.577,0.163,0.463,1
Charles Barkley,3170,80,39.6,"1988",11.9,3.2,2.5,28.3,0.665,0.253,0.439,1
Maurice Cheeks,2871,79,36.3,"1988",3.2,8.0,2.4,13.7,0.551,0.138,0.439,1
Alvin Robertson,2978,82,36.3,"1988",6.1,6.8,3.8,19.6,0.513,0.094,0.378,1
Brad Daugherty,2821,78,36.2,"1989",9.2,3.7,1.3,18.9,0.594,0.164,0.695,1
Larry Nance,2526,73,34.6,"1989",8.0,2.2,3.6,17.2,0.59,0.197,0.695,1
Mark Price,2728,75,36.4,"1989",3.0,8.4,1.6,18.9,0.623,0.199,0.695,1
Kevin Johnson,3179,81,39.2,"1989",4.2,12.2,2.0,20.4,0.597,0.184,0.671,1
Tom Chambers,3002,81,37.1,"1989",8.4,2.9,1.8,25.7,0.547,0.146,0.671,1
James Worthy,2960,81,36.5,"1989",6.0,3.6,2.0,20.5,0.582,0.158,0.695,1
Kareem Abdul-Jabbar,1695,74,22.9,"1989",4.5,1.0,1.7,10.1,0.511,0.082,0.695,1
Magic Johnson,2886,77,37.5,"1989",7.9,12.8,2.1,22.5,0.625,0.267,0.695,1
Isiah Thomas,2924,80,36.6,"1989",3.4,8.3,1.9,18.2,0.528,0.115,0.768,1
John Stockton,3171,82,38.7,"1989",3.0,13.6,3.4,17.1,0.624,0.236,0.622,1
Karl Malone,3126,80,39.1,"1989",10.7,2.7,2.7,29.1,0.592,0.233,0.622,1
Mark Eaton,2914,82,35.5,"1989",10.3,1.0,4.3,6.2,0.513,0.108,0.622,1
Dominique Wilkins,2997,80,37.5,"1989",6.9,2.6,2.1,26.2,0.528,0.166,0.634,1
Moses Malone,2878,81,35.5,"1989",11.8,1.4,2.2,20.2,0.581,0.178,0.634,1
Terry Cummings,2824,80,35.3,"1989",8.1,2.5,2.2,22.9,0.518,0.131,0.598,1
Mark Jackson,2477,72,34.4,"1989",4.7,8.6,2.0,16.9,0.535,0.14,0.634,1
Patrick Ewing,2896,80,36.2,"1989",9.3,2.4,5.0,22.7,0.607,0.181,0.634,1
Dale Ellis,3190,82,38.9,"1989",4.2,2.0,1.6,27.5,0.589,0.163,0.573,1
Alex English,2990,82,36.5,"1989",4.0,4.7,1.0,26.5,0.531,0.11,0.537,1
Charles Barkley,3088,79,39.1,"1989",12.5,4.1,2.4,25.8,0.653,0.25,0.561,1
Michael Jordan,3255,81,40.2,"1989",8.0,8.0,3.7,32.5,0.614,0.292,0.573,1
Clyde Drexler,3064,78,39.3,"1989",7.9,5.8,3.4,27.2,0.555,0.197,0.476,1
Kevin Duckworth,2662,79,33.7,"1989",8.0,0.8,1.3,18.1,0.531,0.086,0.476,1
Kevin McHale,2876,78,36.9,"1989",8.2,2.2,1.6,22.5,0.608,0.168,0.512,1
Robert Parish,2840,80,35.5,"1989",12.5,2.2,2.4,18.6,0.607,0.177,0.512,1
Hakeem Olajuwon,3024,82,36.9,"1989",13.5,1.8,6.0,24.8,0.552,0.197,0.549,1
Chris Mullin,3093,82,37.7,"1989",5.9,5.1,2.6,26.5,0.581,0.165,0.524,1
James Worthy,2960,80,37.0,"1990",6.0,3.6,1.9,21.1,0.586,0.172,0.768,1
Magic Johnson,2937,79,37.2,"1990",6.6,11.5,2.1,22.3,0.622,0.27,0.768,1
Kevin Johnson,2782,74,37.6,"1990",3.6,11.4,1.5,22.5,0.585,0.2,0.659,1
Tom Chambers,3046,81,37.6,"1990",7.0,2.3,1.7,27.2,0.579,0.176,0.659,1
Dennis Rodman,2377,82,29.0,"1990",9.7,0.9,1.4,8.8,0.608,0.189,0.72,1
Isiah Thomas,2993,81,37.0,"1990",3.8,9.4,2.0,18.4,0.501,0.107,0.72,1
Joe Dumars,2578,75,34.4,"1990",2.8,4.9,0.9,17.8,0.555,0.162,0.72,1
Clyde Drexler,2683,73,36.8,"1990",6.9,5.9,2.7,23.3,0.551,0.208,0.72,1
Charles Barkley,3085,79,39.1,"1990",11.5,3.9,2.5,25.2,0.661,0.269,0.646,1
John Stockton,2915,78,37.4,"1990",2.6,14.5,2.9,17.2,0.607,0.238,0.671,1
Karl Malone,3122,82,38.1,"1990",11.1,2.8,2.1,31.0,0.626,0.245,0.671,1
Kevin McHale,2722,82,33.2,"1990",8.3,2.1,2.3,20.9,0.623,0.195,0.634,1
Larry Bird,2944,75,39.3,"1990",9.5,7.5,2.2,24.3,0.546,0.154,0.634,1
Robert Parish,2396,79,30.3,"1990",10.1,1.3,1.4,15.7,0.616,0.157,0.634,1
David Robinson,3002,82,36.6,"1990",12.0,2.0,5.6,24.3,0.597,0.241,0.683,1
Michael Jordan,3197,82,39.0,"1990",6.9,6.3,3.4,33.6,0.606,0.285,0.671,1
Scottie Pippen,3148,82,38.4,"1990",6.7,5.4,3.8,16.5,0.528,0.087,0.671,1
Hakeem Olajuwon,3124,82,38.1,"1990",14.0,2.9,6.7,24.3,0.541,0.173,0.5,1
Patrick Ewing,3165,82,38.6,"1990",10.9,2.2,4.9,28.6,0.599,0.205,0.549,1
Fat Lever,2832,79,35.8,"1990",9.3,6.5,2.3,18.3,0.504,0.149,0.524,1
Dominique Wilkins,2888,80,36.1,"1990",6.5,2.5,2.2,26.7,0.556,0.184,0.5,1
Reggie Miller,3192,82,38.9,"1990",3.6,3.8,1.6,24.6,0.645,0.182,0.512,1
Rolando Blackman,2934,80,36.7,"1990",3.5,3.6,1.2,19.4,0.552,0.111,0.573,1
Chris Mullin,2830,78,36.3,"1990",5.9,4.1,2.2,25.1,0.643,0.174,0.451,1
Michael Jordan,3034,82,37.0,"1991",6.0,5.5,3.7,31.5,0.605,0.321,0.744,1
Clyde Drexler,2852,82,34.8,"1991",6.7,6.0,2.5,21.5,0.563,0.209,0.768,1
Kevin Duckworth,2511,81,31.0,"1991",6.6,1.1,0.8,15.8,0.525,0.082,0.768,1
Terry Porter,2665,81,32.9,"1991",3.5,8.0,2.1,17.0,0.632,0.235,0.768,1
James Worthy,3008,78,38.6,"1991",4.6,3.5,1.8,21.4,0.531,0.143,0.707,1
Magic Johnson,2933,79,37.1,"1991",7.0,12.5,1.5,19.4,0.623,0.251,0.707,1
Kevin Johnson,2772,77,36.0,"1991",3.5,10.1,2.3,22.2,0.604,0.22,0.671,1
Tom Chambers,2475,76,32.6,"1991",6.4,2.6,1.5,19.9,0.513,0.105,0.671,1
Kevin McHale,2067,68,30.4,"1991",7.1,1.9,2.5,18.4,0.606,0.182,0.683,1
Larry Bird,2277,60,38.0,"1991",8.5,7.2,2.8,19.4,0.53,0.14,0.683,1
Robert Parish,2441,81,30.1,"1991",10.6,0.8,2.1,14.9,0.637,0.198,0.683,1
David Robinson,3095,82,37.7,"1991",13.0,2.5,5.5,25.6,0.615,0.264,0.671,1
Isiah Thomas,1657,48,34.5,"1991",3.3,9.3,1.8,16.2,0.507,0.098,0.61,1
Joe Dumars,3046,80,38.1,"1991",2.3,5.5,1.2,20.4,0.552,0.155,0.61,1
John Stockton,3103,82,37.8,"1991",2.9,14.2,3.0,17.2,0.604,0.217,0.659,1
Karl Malone,3302,82,40.3,"1991",11.8,3.3,2.0,29.0,0.596,0.225,0.659,1
Hakeem Olajuwon,2062,56,36.8,"1991",13.8,2.3,6.1,21.2,0.549,0.201,0.634,1
Alvin Robertson,2598,81,32.1,"1991",5.7,5.5,3.2,13.6,0.538,0.142,0.585,1
Chris Mullin,3315,82,40.4,"1991",5.4,4.0,2.9,25.7,0.618,0.176,0.537,1
Tim Hardaway,3215,82,39.2,"1991",4.0,9.7,2.8,22.9,0.547,0.148,0.537,1
Dominique Wilkins,3078,81,38.0,"1991",9.0,3.3,2.3,25.9,0.555,0.177,0.524,1
Patrick Ewing,3104,81,38.3,"1991",11.2,3.0,4.2,26.6,0.561,0.155,0.476,1
Charles Barkley,2498,67,37.3,"1991",10.1,4.2,2.1,27.6,0.635,0.258,0.537,1
Hersey Hawkins,3110,80,38.9,"1991",3.9,3.7,2.7,22.1,0.592,0.151,0.537,1
Brad Daugherty,2946,76,38.8,"1991",10.9,3.3,1.6,21.6,0.583,0.147,0.402,1
Bernard King,2401,64,37.5,"1991",5.0,4.6,1.1,28.4,0.527,0.07,0.366,1
Michael Jordan,3102,80,38.8,"1992",6.4,6.1,3.2,30.1,0.579,0.274,0.817,1
Scottie Pippen,3164,82,38.6,"1992",7.7,7.0,3.0,21.0,0.555,0.192,0.817,1
Clyde Drexler,2751,76,36.2,"1992",6.6,6.7,2.7,25.0,0.56,0.223,0.695,1
John Stockton,3002,82,36.6,"1992",3.3,13.7,3.2,15.8,0.59,0.215,0.671,1
Karl Malone,3054,81,37.7,"1992",11.2,3.0,2.0,28.0,0.599,0.237,0.671,1
Dan Majerle,2853,82,34.8,"1992",5.9,3.3,2.1,17.3,0.551,0.165,0.646,1
Jeff Hornacek,3078,81,38.0,"1992",5.0,5.1,2.3,20.1,0.592,0.181,0.646,1
Kevin Johnson,2899,78,37.2,"1992",3.7,10.7,1.8,19.7,0.561,0.165,0.646,1
Brad Daugherty,2643,73,36.2,"1992",10.4,3.6,2.0,21.5,0.629,0.213,0.695,1
Mark Price,2138,72,29.7,"1992",2.4,7.4,1.5,17.3,0.61,0.205,0.695,1
Patrick Ewing,3150,82,38.4,"1992",11.2,1.9,4.1,24.0,0.563,0.198,0.622,1
Larry Bird,1662,45,36.9,"1992",9.6,6.8,1.7,20.2,0.547,0.159,0.622,1
Reggie Lewis,3070,82,37.4,"1992",4.8,2.3,2.8,20.8,0.55,0.143,0.622,1
Chris Mullin,3346,81,41.3,"1992",5.6,3.5,2.9,25.6,0.586,0.155,0.671,1
Tim Hardaway,3332,81,41.1,"1992",3.8,10.0,2.2,23.4,0.537,0.132,0.671,1
David Robinson,2564,68,37.7,"1992",12.2,2.7,6.8,23.2,0.597,0.26,0.573,1
Dennis Rodman,3301,82,40.3,"1992",18.7,2.3,1.7,9.8,0.574,0.183,0.585,1
Isiah Thomas,2918,78,37.4,"1992",3.2,7.2,1.7,18.5,0.505,0.095,0.585,1
Joe Dumars,3192,82,38.9,"1992",2.3,4.6,1.0,19.9,0.538,0.123,0.585,1
James Worthy,2108,54,39.0,"1992",5.6,4.7,1.8,19.9,0.49,0.07,0.524,1
Charles Barkley,2881,75,38.4,"1992",11.1,4.1,2.4,23.1,0.612,0.205,0.427,1
Dominique Wilkins,1601,42,38.1,"1992",7.0,3.8,1.8,28.1,0.552,0.152,0.463,1
Kevin Willis,2962,81,36.6,"1992",15.5,2.1,1.6,18.3,0.535,0.143,0.463,1
Hakeem Olajuwon,2636,70,37.7,"1992",12.1,2.2,6.2,21.6,0.553,0.178,0.512,1
Otis Thorpe,3056,82,37.3,"1992",10.5,3.0,1.1,17.3,0.619,0.14,0.512,1
Michael Adams,2795,78,35.8,"1992",4.0,7.6,2.0,18.1,0.506,0.09,0.305,1
Dikembe Mutombo,2716,71,38.3,"1992",12.3,2.2,3.6,16.6,0.54,0.086,0.293,1
Shawn Kemp,2582,78,33.1,"1993",10.7,2.0,3.4,17.8,0.547,0.169,0.671,1
Michael Jordan,3067,78,39.3,"1993",6.7,5.5,3.6,32.6,0.564,0.27,0.695,1
Scottie Pippen,3123,81,38.6,"1993",7.7,6.3,3.0,18.6,0.51,0.132,0.695,1
Brad Daugherty,2691,71,37.9,"1993",10.2,4.4,1.5,20.2,0.635,0.226,0.659,1
Larry Nance,2753,77,35.8,"1993",8.7,2.9,3.3,16.5,0.587,0.187,0.659,1
Mark Price,2380,75,31.7,"1993",2.7,8.0,1.3,18.2,0.609,0.197,0.659,1
Charles Barkley,2859,76,37.6,"1993",12.2,5.1,2.5,25.6,0.596,0.242,0.756,1
Dan Majerle,3199,82,39.0,"1993",4.7,3.8,2.1,16.9,0.573,0.147,0.756,1
Patrick Ewing,3003,81,37.1,"1993",12.1,1.9,2.9,24.2,0.546,0.17,0.732,1
Hakeem Olajuwon,3242,82,39.5,"1993",13.0,3.5,6.0,26.1,0.577,0.234,0.671,1
Clyde Drexler,1671,49,34.1,"1993",6.3,5.7,2.7,19.9,0.517,0.171,0.622,1
Terry Porter,2883,81,35.6,"1993",3.9,5.2,1.4,18.2,0.577,0.147,0.622,1
David Robinson,3211,82,39.2,"1993",11.7,3.7,4.8,23.4,0.569,0.197,0.598,1
Sean Elliott,2604,70,37.2,"1993",4.6,3.8,1.4,17.2,0.566,0.113,0.598,1
John Stockton,2863,82,34.9,"1993",2.9,12.0,2.7,15.1,0.584,0.177,0.573,1
Karl Malone,3099,82,37.8,"1993",11.2,3.8,2.5,27.0,0.612,0.238,0.573,1
Detlef Schrempf,3098,82,37.8,"1993",9.5,6.0,1.3,19.1,0.571,0.161,0.5,1
Shaquille O'Neal,3071,81,37.9,"1993",13.9,1.9,4.3,23.4,0.584,0.163,0.5,1
Derrick Coleman,2759,76,36.3,"1993",11.2,3.6,2.9,20.7,0.54,0.165,0.524,1
Danny Manning,2761,79,34.9,"1993",6.6,2.6,2.6,22.8,0.565,0.137,0.5,1
Dominique Wilkins,2647,71,37.3,"1993",6.8,3.2,1.4,29.9,0.57,0.191,0.524,1
Chris Mullin,1902,46,41.3,"1993",5.0,3.6,2.4,25.9,0.578,0.122,0.415,1
Tim Hardaway,2609,66,39.5,"1993",4.0,10.6,1.9,21.5,0.534,0.138,0.415,1
Isiah Thomas,2922,79,37.0,"1993",2.9,8.5,1.8,17.6,0.488,0.061,0.488,1
Joe Dumars,3094,77,40.2,"1993",1.9,4.0,1.1,23.5,0.555,0.141,0.488,1
Mitch Richmond,1728,45,38.4,"1993",3.4,4.9,1.4,21.9,0.558,0.087,0.305,1
Gary Payton,2881,82,35.1,"1994",3.3,6.0,2.5,16.5,0.526,0.155,0.768,1
Shawn Kemp,2597,79,32.9,"1994",10.8,2.6,3.9,18.1,0.593,0.216,0.768,1
Charles Oakley,2932,82,35.8,"1994",11.8,2.7,1.6,11.8,0.54,0.172,0.695,1
John Starks,2057,59,34.9,"1994",3.1,5.9,1.7,19.0,0.516,0.135,0.695,1
Patrick Ewing,2972,79,37.6,"1994",11.2,2.3,3.9,24.5,0.551,0.211,0.695,1
David Robinson,3241,80,40.5,"1994",10.7,4.8,5.1,29.8,0.577,0.296,0.671,1
Mookie Blaylock,2915,81,36.0,"1994",5.2,9.7,3.2,13.8,0.487,0.168,0.695,1
Charles Barkley,2298,65,35.4,"1994",11.2,4.6,2.1,21.6,0.563,0.185,0.683,1
Kevin Johnson,2449,67,36.6,"1994",2.5,9.5,2.0,20.0,0.566,0.17,0.683,1
John Stockton,2969,82,36.2,"1994",3.1,12.6,2.7,15.1,0.608,0.214,0.646,1
Karl Malone,3329,82,40.6,"1994",11.5,4.0,3.1,25.2,0.55,0.193,0.646,1
Hakeem Olajuwon,3277,80,41.0,"1994",11.9,3.6,5.3,27.3,0.565,0.21,0.707,1
Mark Price,2386,76,31.4,"1994",3.0,7.8,1.5,17.3,0.586,0.201,0.573,1
Shaquille O'Neal,3224,81,39.8,"1994",13.2,2.4,3.8,29.3,0.605,0.252,0.61,1
Horace Grant,2570,70,36.7,"1994",11.0,3.4,2.3,15.1,0.54,0.188,0.671,1
Scottie Pippen,2759,72,38.3,"1994",8.7,5.6,3.7,22.0,0.544,0.194,0.671,1
Clifford Robinson,2853,82,34.8,"1994",6.7,1.9,2.8,20.1,0.513,0.126,0.573,1
Clyde Drexler,2334,68,34.3,"1994",6.5,4.9,1.9,19.2,0.514,0.14,0.573,1
Derrick Coleman,2778,77,36.1,"1994",11.3,3.4,2.7,20.2,0.534,0.171,0.549,1
Kenny Anderson,3135,82,38.2,"1994",3.9,9.6,2.1,18.8,0.491,0.114,0.549,1
Latrell Sprewell,3533,82,43.1,"1994",4.9,4.7,3.1,21.0,0.532,0.108,0.61,1
Mitch Richmond,2897,78,37.1,"1994",3.7,4.0,1.5,23.4,0.551,0.106,0.341,1
John Stockton,2867,82,35.0,"1995",3.1,12.3,2.6,14.7,0.651,0.233,0.732,1
Karl Malone,3126,82,38.1,"1995",10.6,3.5,2.6,26.7,0.59,0.212,0.732,1
Detlef Schrempf,2886,82,35.2,"1995",6.2,3.8,1.6,19.2,0.641,0.215,0.695,1
Gary Payton,3015,82,36.8,"1995",3.4,7.1,2.6,20.6,0.564,0.187,0.695,1
Shawn Kemp,2679,82,32.7,"1995",10.9,1.8,2.7,18.7,0.61,0.19,0.695,1
Anfernee Hardaway,2901,77,37.7,"1995",4.4,7.2,2.0,20.9,0.599,0.177,0.695,1
Shaquille O'Neal,2923,79,37.0,"1995",11.4,2.7,3.4,29.3,0.588,0.23,0.695,1
David Robinson,3074,81,38.0,"1995",10.8,2.9,4.9,27.6,0.602,0.273,0.756,1
Dennis Rodman,1568,49,32.0,"1995",16.8,2.0,1.1,7.1,0.604,0.178,0.756,1
Scottie Pippen,3014,79,38.2,"1995",8.1,5.2,4.1,21.4,0.559,0.188,0.573,1
Charles Barkley,2382,68,35.0,"1995",11.1,4.1,2.3,23.0,0.572,0.214,0.72,1
Dan Majerle,3091,82,37.7,"1995",4.6,4.1,1.6,15.6,0.555,0.12,0.72,1
Reggie Miller,2665,81,32.9,"1995",2.6,3.0,1.4,19.6,0.62,0.204,0.634,1
Patrick Ewing,2920,79,37.0,"1995",11.0,2.7,2.9,23.9,0.555,0.157,0.671,1
Hakeem Olajuwon,2853,72,39.6,"1995",10.8,3.5,5.2,27.8,0.563,0.181,0.573,1
Dikembe Mutombo,3100,82,37.8,"1995",12.5,1.4,4.4,11.5,0.595,0.135,0.5,1
Tyrone Hill,2397,70,34.2,"1995",10.9,0.8,1.4,13.8,0.554,0.138,0.524,1
Cedric Ceballos,2029,58,35.0,"1995",8.0,1.8,1.4,21.7,0.57,0.123,0.585,1
Mitch Richmond,3172,82,38.7,"1995",4.4,3.8,1.5,22.8,0.551,0.12,0.476,1
Vin Baker,3361,82,41.0,"1995",10.3,3.6,2.5,17.7,0.511,0.083,0.415,1
Latrell Sprewell,2771,69,40.2,"1995",3.7,4.0,2.3,20.6,0.519,0.034,0.317,1
Dana Barros,3318,82,40.5,"1995",3.3,7.5,1.9,20.6,0.632,0.183,0.293,1
Grant Hill,2678,70,38.3,"1995",6.4,5.0,2.7,19.9,0.541,0.097,0.341,1
Joe Dumars,2544,67,38.0,"1995",2.4,5.5,1.2,18.1,0.541,0.032,0.341,1
Michael Jordan,3090,82,37.7,"1996",6.6,4.3,2.7,30.4,0.582,0.317,0.878,1
Scottie Pippen,2825,77,36.7,"1996",6.4,5.9,2.5,19.4,0.551,0.209,0.878,1
Gary Payton,3162,81,39.0,"1996",4.2,7.5,3.1,19.3,0.554,0.174,0.78,1
Shawn Kemp,2631,79,33.3,"1996",11.4,2.2,2.8,19.6,0.631,0.205,0.78,1
John Stockton,2915,82,35.5,"1996",2.8,11.2,1.9,14.7,0.642,0.214,0.671,1
Karl Malone,3113,82,38.0,"1996",9.8,4.2,2.4,25.7,0.575,0.233,0.671,1
David Robinson,3019,82,36.8,"1996",12.2,3.0,4.7,25.0,0.589,0.29,0.72,1
Sean Elliott,2901,77,37.7,"1996",5.1,2.7,1.3,20.0,0.585,0.128,0.72,1
Anfernee Hardaway,3015,82,36.8,"1996",4.3,7.1,2.5,21.7,0.605,0.229,0.732,1
Shaquille O'Neal,1946,54,36.0,"1996",11.0,2.9,2.8,26.6,0.57,0.171,0.732,1
Reggie Miller,2621,76,34.5,"1996",2.8,3.3,1.2,21.1,0.625,0.188,0.634,1
Terrell Brandon,2570,75,34.3,"1996",3.3,6.5,2.2,19.3,0.573,0.237,0.573,1
Grant Hill,3260,80,40.8,"1996",9.8,6.9,1.9,20.2,0.537,0.172,0.561,1
Patrick Ewing,2783,76,36.6,"1996",10.6,2.1,3.3,22.5,0.516,0.116,0.573,1
Clyde Drexler,1997,52,38.4,"1996",7.2,5.8,2.5,19.3,0.551,0.161,0.585,1
Hakeem Olajuwon,2797,72,38.8,"1996",10.9,3.6,4.4,26.9,0.558,0.166,0.585,1
Alonzo Mourning,2671,70,38.2,"1996",10.4,2.3,3.7,23.2,0.584,0.178,0.512,1
Juwan Howard,3294,81,40.7,"1996",8.1,4.4,1.3,22.1,0.53,0.082,0.476,1
Charles Barkley,2632,71,37.1,"1996",11.6,3.7,2.4,23.2,0.585,0.191,0.5,1
Dikembe Mutombo,2713,74,36.7,"1996",11.8,1.5,5.0,11.0,0.562,0.134,0.427,1
Mitch Richmond,2946,81,36.4,"1996",3.3,3.1,1.8,23.1,0.591,0.151,0.476,1
Jason Kidd,3034,81,37.5,"1996",6.8,9.7,2.5,16.6,0.468,0.068,0.317,1
Vin Baker,3319,82,40.5,"1996",9.9,2.6,1.9,21.1,0.527,0.089,0.305,1
Michael Jordan,3106,82,37.9,"1997",5.9,4.3,2.2,29.6,0.567,0.283,0.841,1
Scottie Pippen,3095,82,37.7,"1997",6.5,5.7,2.4,20.2,0.554,0.203,0.841,1
John Stockton,2896,82,35.3,"1997",2.8,10.5,2.2,14.4,0.656,0.226,0.78,1
Karl Malone,2998,82,36.6,"1997",9.9,4.5,2.0,27.4,0.6,0.268,0.78,1
Detlef Schrempf,2192,61,35.9,"1997",6.5,4.4,1.3,16.8,0.592,0.174,0.695,1
Gary Payton,3213,82,39.2,"1997",4.6,7.1,2.6,21.8,0.545,0.193,0.695,1
Shawn Kemp,2750,81,34.0,"1997",10.0,1.9,2.5,18.7,0.583,0.174,0.695,1
Christian Laettner,3140,82,38.3,"1997",8.8,2.7,2.0,18.1,0.562,0.177,0.683,1
Dikembe Mutombo,2973,80,37.2,"1997",11.6,1.4,3.9,13.3,0.584,0.183,0.683,1
Alonzo Mourning,2320,66,35.2,"1997",9.9,1.6,3.7,19.8,0.578,0.174,0.744,1
Tim Hardaway,3136,81,38.7,"1997",3.4,8.6,2.0,20.3,0.532,0.198,0.744,1
Grant Hill,3147,80,39.3,"1997",9.0,7.3,2.4,21.4,0.556,0.223,0.659,1
Joe Dumars,2923,79,37.0,"1997",2.4,4.0,0.7,14.7,0.586,0.144,0.659,1
Charles Barkley,2009,53,37.9,"1997",13.5,4.7,1.8,19.2,0.581,0.224,0.695,1
Clyde Drexler,2271,62,36.6,"1997",6.0,5.7,2.5,18.0,0.548,0.172,0.695,1
Hakeem Olajuwon,2852,78,36.6,"1997",9.2,3.0,3.7,23.2,0.558,0.154,0.695,1
Eddie Jones,2998,80,37.5,"1997",4.1,3.4,3.0,17.2,0.559,0.154,0.683,1
Shaquille O'Neal,1941,51,38.1,"1997",12.5,3.1,3.8,26.2,0.556,0.197,0.683,1
Patrick Ewing,2887,78,37.0,"1997",10.7,2.0,3.3,22.4,0.548,0.163,0.695,1
Terrell Brandon,2868,78,36.8,"1997",3.9,6.3,2.2,19.5,0.526,0.181,0.512,1
Chris Webber,2806,72,39.0,"1997",10.3,4.6,3.6,20.1,0.554,0.159,0.537,1
Anfernee Hardaway,2221,59,37.6,"1997",4.5,5.6,2.2,20.5,0.554,0.175,0.549,1
Kevin Garnett,2995,77,38.9,"1997",8.0,3.1,3.5,17.0,0.537,0.116,0.488,1
Tom Gugliotta,3131,81,38.7,"1997",8.7,4.1,2.7,20.6,0.526,0.103,0.488,1
Vin Baker,3159,78,40.5,"1997",10.3,2.7,2.5,21.0,0.553,0.127,0.402,1
Mitch Richmond,3125,81,38.6,"1997",3.9,4.2,1.8,25.9,0.578,0.166,0.415,1
Latrell Sprewell,3353,80,41.9,"1997",4.6,6.3,2.2,24.2,0.57,0.115,0.366,1
Eddie Jones,2910,80,36.4,"1998",3.8,3.1,2.7,16.9,0.592,0.166,0.744,1
Kobe Bryant,2056,79,26.0,"1998",3.1,2.5,1.4,15.4,0.548,0.147,0.744,1
Nick Van Exel,2053,64,32.1,"1998",3.0,6.9,1.1,13.8,0.538,0.166,0.744,1
Shaquille O'Neal,2175,60,36.3,"1998",11.4,2.4,3.1,28.3,0.587,0.224,0.744,1
Gary Payton,3145,82,38.4,"1998",4.6,8.3,2.5,19.2,0.544,0.19,0.744,1
Vin Baker,2944,82,35.9,"1998",8.0,1.9,2.2,19.2,0.564,0.169,0.744,1
Michael Jordan,3181,82,38.8,"1998",5.8,3.5,2.3,28.7,0.533,0.238,0.756,1
Scottie Pippen,1652,44,37.5,"1998",5.2,5.8,2.8,19.1,0.533,0.193,0.756,1
Karl Malone,3030,81,37.4,"1998",10.3,3.9,2.0,27.0,0.597,0.259,0.756,1
Reggie Miller,2795,81,34.5,"1998",2.9,2.1,1.1,19.5,0.619,0.206,0.707,1
Rik Smits,2085,73,28.6,"1998",6.9,1.4,1.8,16.7,0.532,0.141,0.707,1
Jason Kidd,3118,82,38.0,"1998",6.2,9.1,2.3,11.6,0.502,0.123,0.683,1
Tim Hardaway,3031,81,37.4,"1998",3.7,8.3,1.9,18.9,0.53,0.185,0.671,1
David Robinson,2457,73,33.7,"1998",10.6,2.7,3.5,21.6,0.581,0.269,0.683,1
Tim Duncan,3204,82,39.1,"1998",11.9,2.7,3.2,21.1,0.577,0.192,0.683,1
Dikembe Mutombo,2917,82,35.6,"1998",11.4,1.0,3.8,13.4,0.584,0.177,0.61,1
Steve Smith,2857,73,39.1,"1998",4.2,4.0,1.4,20.1,0.563,0.171,0.61,1
Shawn Kemp,2769,80,34.6,"1998",9.3,2.5,2.5,18.0,0.512,0.118,0.573,1
Grant Hill,3294,81,40.7,"1998",7.7,6.8,2.4,21.1,0.52,0.149,0.451,1
Jayson Williams,2343,65,36.0,"1998",13.6,1.0,1.4,12.9,0.541,0.172,0.524,1
Rod Strickland,3020,76,39.7,"1998",5.3,10.5,2.0,17.8,0.501,0.129,0.512,1
Kevin Garnett,3222,82,39.3,"1998",9.6,4.2,3.5,18.5,0.527,0.143,0.549,1
Antoine Walker,3268,82,39.9,"1998",10.2,3.3,2.5,22.4,0.481,0.07,0.439,1
Mitch Richmond,2569,70,36.7,"1998",3.3,4.0,1.5,23.2,0.569,0.148,0.329,1
Tim Duncan,1963,50,39.3,"1999",11.4,2.4,3.4,21.7,0.541,0.213,0.74,1
John Stockton,1410,50,28.2,"1999",2.9,7.5,1.9,11.1,0.571,0.217,0.74,1
Karl Malone,1832,49,37.4,"1999",9.4,4.1,1.8,23.8,0.577,0.252,0.74,1
Alonzo Mourning,1753,46,38.1,"1999",11.0,1.6,4.7,20.1,0.563,0.216,0.66,1
Tim Hardaway,1772,48,36.9,"1999",3.2,7.3,1.3,17.4,0.511,0.146,0.66,1
Grant Hill,1852,50,37.0,"1999",7.1,6.0,2.1,21.1,0.543,0.189,0.58,1
Kobe Bryant,1896,50,37.9,"1999",5.3,3.8,2.4,19.9,0.549,0.13,0.62,1
Shaquille O'Neal,1705,49,34.8,"1999",10.7,2.3,2.4,26.3,0.584,0.255,0.62,1
Hakeem Olajuwon,1784,50,35.7,"1999",9.6,1.8,4.1,18.9,0.559,0.175,0.62,1
Jason Kidd,2060,50,41.2,"1999",6.8,10.8,2.7,16.9,0.527,0.188,0.54,1
Allen Iverson,1990,48,41.5,"1999",4.9,4.6,2.4,26.8,0.508,0.173,0.56,1
Kevin Garnett,1780,47,37.9,"1999",10.4,4.3,3.4,20.8,0.493,0.146,0.5,1
Chris Webber,1719,42,40.9,"1999",13.0,4.1,3.5,20.0,0.491,0.102,0.54,1
Gary Payton,2008,50,40.2,"1999",4.9,8.7,2.4,21.7,0.519,0.172,0.5,1
Antonio McDyess,1937,50,38.7,"1999",10.7,1.6,3.8,21.2,0.515,0.105,0.28,1
Kobe Bryant,2524,66,38.2,"2000",6.3,4.9,2.5,22.5,0.546,0.202,0.817,1
Shaquille O'Neal,3163,79,40.0,"2000",13.6,3.8,3.5,29.7,0.578,0.283,0.817,1
Rasheed Wallace,2845,81,35.1,"2000",7.0,1.8,2.4,16.4,0.556,0.156,0.72,1
David Robinson,2557,80,32.0,"2000",9.6,1.8,3.5,17.8,0.568,0.238,0.646,1
Tim Duncan,2875,74,38.9,"2000",12.4,3.2,3.1,23.2,0.555,0.218,0.646,1
Jason Kidd,2616,67,39.0,"2000",7.2,10.1,2.4,14.3,0.498,0.156,0.646,1
John Stockton,2432,82,29.7,"2000",2.6,8.6,1.9,12.1,0.591,0.222,0.671,1
Karl Malone,2947,82,35.9,"2000",9.5,3.7,1.8,25.5,0.582,0.249,0.671,1
Dale Davis,2127,74,28.7,"2000",9.9,0.9,2.0,10.0,0.537,0.161,0.683,1
Reggie Miller,2987,81,36.9,"2000",3.0,2.3,1.4,18.1,0.603,0.162,0.683,1
Alonzo Mourning,2748,79,34.8,"2000",9.5,1.6,4.2,21.7,0.596,0.226,0.634,1
Chris Webber,2880,75,38.4,"2000",10.5,4.6,3.3,24.5,0.53,0.179,0.537,1
Kevin Garnett,3243,81,40.0,"2000",11.8,5.0,3.0,22.9,0.545,0.172,0.61,1
Allan Houston,3169,82,38.6,"2000",3.3,2.7,1.0,19.7,0.569,0.13,0.61,1
Grant Hill,2776,74,37.5,"2000",6.6,5.2,2.0,25.8,0.565,0.185,0.512,1
Jerry Stackhouse,3148,82,38.4,"2000",3.8,4.5,1.7,23.6,0.545,0.111,0.512,1
Allen Iverson,2853,70,40.8,"2000",3.8,4.7,2.1,28.4,0.496,0.116,0.598,1
Gary Payton,3425,82,41.8,"2000",6.5,8.9,2.1,24.2,0.535,0.195,0.549,1
Glenn Robinson,2909,81,35.9,"2000",6.0,2.4,1.5,20.9,0.534,0.08,0.512,1
Ray Allen,3070,82,37.4,"2000",4.4,3.8,1.6,22.1,0.57,0.157,0.512,1
Vince Carter,3126,82,38.1,"2000",5.8,3.9,2.5,25.7,0.543,0.182,0.549,1
Michael Finley,3464,82,42.2,"2000",6.3,5.3,1.7,22.6,0.522,0.114,0.488,1
Stephon Marbury,2881,74,38.9,"2000",3.2,8.4,1.7,22.2,0.528,0.123,0.378,1
Dikembe Mutombo,2984,82,36.4,"2000",14.1,1.3,3.6,11.5,0.621,0.16,0.341,1
David Robinson,2371,80,29.6,"2001",8.6,1.5,3.5,14.4,0.559,0.246,0.707,1
Tim Duncan,3174,82,38.7,"2001",12.2,3.0,3.2,22.2,0.536,0.2,0.707,1
Chris Webber,2836,70,40.5,"2001",11.1,4.2,3.0,27.1,0.516,0.186,0.671,1
Vlade Divac,2420,81,29.9,"2001",8.3,2.9,2.2,12.0,0.536,0.147,0.671,1
Karl Malone,2895,81,35.7,"2001",8.3,4.5,1.9,23.2,0.572,0.217,0.646,1
Allen Iverson,2979,71,42.0,"2001",3.8,4.6,2.8,31.1,0.518,0.19,0.683,1
Theo Ratliff,1800,50,36.0,"2001",8.3,1.2,4.3,12.4,0.562,0.138,0.683,1
Rasheed Wallace,2940,77,38.2,"2001",7.8,2.8,2.9,19.2,0.56,0.18,0.61,1
Dirk Nowitzki,3125,82,38.1,"2001",9.2,2.1,2.2,21.8,0.601,0.224,0.646,1
Michael Finley,3443,82,42.0,"2001",5.2,4.4,1.8,21.5,0.521,0.119,0.646,1
Glenn Robinson,2813,76,37.0,"2001",6.9,3.3,1.9,22.0,0.525,0.114,0.634,1
Ray Allen,3129,82,38.2,"2001",5.2,4.6,1.8,22.0,0.61,0.211,0.634,1
Kobe Bryant,2783,68,40.9,"2001",5.9,5.0,2.3,28.5,0.552,0.196,0.683,1
Shaquille O'Neal,2924,74,39.5,"2001",12.7,3.7,3.4,28.7,0.574,0.245,0.683,1
Allan Houston,2858,78,36.6,"2001",3.6,2.2,0.8,18.7,0.543,0.126,0.585,1
Latrell Sprewell,3017,77,39.2,"2001",4.5,3.5,1.7,17.7,0.497,0.082,0.585,1
Alonzo Mourning,306,13,23.5,"2001",7.8,0.9,2.7,13.6,0.536,0.148,0.61,1
Anthony Mason,3254,80,40.7,"2001",9.6,3.1,1.3,16.1,0.555,0.171,0.61,1
Antonio Davis,2729,78,35.0,"2001",10.1,1.4,2.2,13.7,0.508,0.127,0.573,1
Vince Carter,2979,75,39.7,"2001",5.5,3.9,2.6,27.6,0.551,0.208,0.573,1
Jason Kidd,3065,77,39.8,"2001",6.4,9.8,2.5,16.9,0.51,0.15,0.622,1
Kevin Garnett,3202,81,39.5,"2001",11.4,5.0,3.2,22.0,0.531,0.176,0.573,1
Grant Hill,133,4,33.3,"2001",6.3,6.3,1.8,13.8,0.505,0.126,0.524,1
Tracy McGrady,3087,77,40.1,"2001",7.5,4.6,3.0,26.8,0.521,0.189,0.524,1
Gary Payton,3244,79,41.1,"2001",4.6,8.1,1.9,23.1,0.522,0.16,0.537,1
Jerry Stackhouse,3215,80,40.2,"2001",3.9,5.1,1.9,29.8,0.521,0.137,0.39,1
Antonio McDyess,2555,70,36.5,"2001",12.1,2.1,2.1,20.8,0.538,0.146,0.488,1
Stephon Marbury,2557,67,38.2,"2001",3.1,7.6,1.3,23.9,0.54,0.147,0.317,1
Chris Webber,2071,54,38.4,"2002",10.1,4.8,3.1,24.5,0.54,0.2,0.744,1
Peja Stojakovic,2649,71,37.3,"2002",5.3,2.5,1.3,21.2,0.592,0.179,0.744,1
Kobe Bryant,3063,80,38.3,"2002",5.5,5.5,1.9,25.2,0.544,0.199,0.707,1
Shaquille O'Neal,2422,67,36.1,"2002",10.7,3.0,2.7,27.2,0.59,0.262,0.707,1
Tim Duncan,3329,82,40.6,"2002",12.7,3.7,3.2,25.5,0.576,0.257,0.707,1
Jason Kidd,3056,82,37.3,"2002",7.3,9.9,2.4,14.7,0.484,0.14,0.634,1
Dirk Nowitzki,2891,76,38.0,"2002",9.9,2.4,2.1,23.4,0.599,0.222,0.695,1
Steve Nash,2837,82,34.6,"2002",3.1,7.7,0.7,17.9,0.602,0.167,0.695,1
Kevin Garnett,3175,81,39.2,"2002",12.1,5.2,2.7,21.2,0.536,0.194,0.61,1
Wally Szczerbiak,3117,82,38.0,"2002",4.8,3.1,1.1,18.7,0.58,0.134,0.61,1
Gary Payton,3301,82,40.3,"2002",4.8,9.0,1.9,22.1,0.526,0.183,0.549,1
Antoine Walker,3406,81,42.0,"2002",8.8,5.0,2.0,22.1,0.49,0.094,0.598,1
Paul Pierce,3302,82,40.3,"2002",6.9,3.2,2.9,26.1,0.57,0.187,0.598,1
Ben Wallace,2921,80,36.5,"2002",13.0,1.4,5.2,7.6,0.522,0.19,0.61,1
Allen Iverson,2622,60,43.7,"2002",4.5,5.5,3.0,31.4,0.489,0.126,0.524,1
Dikembe Mutombo,2907,80,36.3,"2002",10.8,1.0,2.7,11.5,0.574,0.158,0.524,1
Tracy McGrady,2912,76,38.3,"2002",7.9,5.3,2.5,25.6,0.532,0.189,0.537,1
Karl Malone,3040,80,38.0,"2002",8.6,4.3,2.6,22.4,0.532,0.155,0.537,1
Jermaine O'Neal,2707,72,37.6,"2002",10.5,1.6,2.9,19.0,0.521,0.113,0.512,1
Ray Allen,2525,69,36.6,"2002",4.5,3.9,1.5,21.8,0.598,0.169,0.5,1
Elton Brand,3020,80,37.8,"2002",11.6,2.4,3.0,18.2,0.586,0.216,0.476,1
Vince Carter,2385,60,39.8,"2002",5.2,4.0,2.3,24.7,0.515,0.14,0.512,1
Michael Jordan,2093,60,34.9,"2002",5.7,5.2,1.9,22.9,0.468,0.075,0.451,1
Alonzo Mourning,2455,75,32.7,"2002",8.4,1.2,2.8,15.7,0.558,0.145,0.439,1
Shareef Abdur-Rahim,2980,77,38.7,"2002",9.0,3.1,2.3,21.2,0.536,0.116,0.402,1
Steve Francis,2343,57,41.1,"2002",7.0,6.4,1.7,21.6,0.517,0.091,0.341,1
Dirk Nowitzki,3117,80,39.0,"2003",9.9,3.0,2.4,25.1,0.581,0.249,0.732,1
Steve Nash,2711,82,33.1,"2003",2.9,7.3,1.1,17.7,0.576,0.206,0.732,1
Chris Webber,2622,67,39.1,"2003",10.5,5.4,2.9,23.0,0.485,0.127,0.72,1
Peja Stojakovic,2450,72,34.0,"2003",5.5,2.0,1.1,19.2,0.6,0.199,0.72,1
Tim Duncan,3181,81,39.3,"2003",12.9,3.9,3.6,23.3,0.564,0.248,0.732,1
Jason Kidd,2989,80,37.4,"2003",6.3,8.9,2.6,18.7,0.526,0.182,0.598,1
Ben Wallace,2873,73,39.4,"2003",15.4,1.6,4.6,6.9,0.486,0.176,0.61,1
Brad Miller,2270,73,31.1,"2003",8.3,2.6,1.5,13.1,0.579,0.202,0.585,1
Jermaine O'Neal,2864,77,37.2,"2003",10.3,2.0,3.2,20.8,0.539,0.177,0.585,1
Kobe Bryant,3401,82,41.5,"2003",6.9,5.9,3.0,30.0,0.55,0.21,0.61,1
Shaquille O'Neal,2535,67,37.8,"2003",11.1,3.1,2.9,27.5,0.602,0.25,0.61,1
Allen Iverson,3485,82,42.5,"2003",4.2,5.5,2.9,27.6,0.5,0.127,0.585,1
Kevin Garnett,3321,82,40.5,"2003",13.4,6.0,3.0,23.0,0.553,0.225,0.622,1
Jamal Mashburn,3321,82,40.5,"2003",6.1,5.6,1.2,21.6,0.507,0.13,0.573,1
Steve Francis,3318,81,41.0,"2003",6.2,6.2,2.2,21.0,0.541,0.16,0.524,1
Yao Ming,2382,82,29.0,"2003",8.2,1.7,2.2,13.5,0.57,0.176,0.524,1
Shawn Marion,3373,81,41.6,"2003",9.5,2.4,3.5,21.2,0.538,0.186,0.537,1
Stephon Marbury,3240,81,40.0,"2003",3.2,8.1,1.6,22.3,0.52,0.142,0.537,1
Tracy McGrady,2954,75,39.4,"2003",6.5,5.5,2.4,32.1,0.564,0.262,0.512,1
Antoine Walker,3235,78,41.5,"2003",7.2,4.8,1.9,20.1,0.467,0.039,0.537,1
Paul Pierce,3096,79,39.2,"2003",7.3,4.4,2.5,25.9,0.532,0.157,0.537,1
Michael Jordan,3031,82,37.0,"2003",6.1,3.8,2.0,20.0,0.491,0.099,0.451,1
Vince Carter,1471,43,34.2,"2003",4.4,3.3,2.1,20.6,0.532,0.136,0.293,1
Zydrunas Ilgauskas,2432,81,30.0,"2003",7.5,1.6,2.6,17.2,0.516,0.099,0.207,1
Tim Duncan,2527,69,36.6,"2004",12.4,3.1,3.6,22.3,0.534,0.249,0.695,1
Ben Wallace,3050,81,37.7,"2004",12.4,1.7,4.8,9.5,0.441,0.16,0.659,1
Jermaine O'Neal,2788,78,35.7,"2004",10.0,2.1,3.3,20.1,0.489,0.155,0.744,1
Metta World Peace,2714,73,37.2,"2004",5.3,3.7,2.8,18.3,0.511,0.141,0.744,1
Kevin Garnett,3231,82,39.4,"2004",13.9,5.0,3.6,24.2,0.547,0.272,0.707,1
Sam Cassell,2838,81,35.0,"2004",3.3,7.3,1.5,19.8,0.566,0.205,0.707,1
Brad Miller,2621,72,36.4,"2004",10.3,4.3,2.1,14.1,0.579,0.184,0.671,1
Peja Stojakovic,3264,81,40.3,"2004",6.3,2.1,1.5,24.2,0.624,0.198,0.671,1
Dirk Nowitzki,2915,77,37.9,"2004",8.7,2.7,2.5,21.8,0.561,0.19,0.634,1
Kobe Bryant,2447,65,37.6,"2004",5.5,5.1,2.2,24.0,0.551,0.21,0.683,1
Shaquille O'Neal,2464,67,36.8,"2004",11.5,2.9,3.0,21.5,0.578,0.192,0.683,1
Jason Kidd,2450,67,36.6,"2004",6.4,9.2,2.0,15.5,0.485,0.141,0.573,1
Kenyon Martin,2252,65,34.6,"2004",9.5,2.5,2.7,16.7,0.528,0.142,0.573,1
Steve Francis,3194,79,40.4,"2004",5.5,6.2,2.2,16.6,0.501,0.107,0.549,1
Yao Ming,2692,82,32.8,"2004",9.0,1.5,2.2,17.5,0.586,0.202,0.549,1
Michael Redd,3021,82,36.8,"2004",5.0,2.3,1.1,21.7,0.544,0.154,0.5,1
Baron Davis,2686,67,40.1,"2004",4.3,7.5,2.8,22.9,0.492,0.133,0.5,1
Jamaal Magloire,2777,82,33.9,"2004",10.3,1.0,1.8,13.6,0.551,0.131,0.5,1
Ray Allen,2152,56,38.4,"2004",5.1,4.8,1.5,23.0,0.566,0.153,0.451,1
Andrei Kirilenko,2895,78,37.1,"2004",8.1,3.1,4.7,16.5,0.559,0.192,0.512,1
Paul Pierce,3099,80,38.7,"2004",6.5,5.1,2.3,23.0,0.517,0.109,0.439,1
Allen Iverson,2040,48,42.5,"2004",3.7,6.8,2.5,26.4,0.478,0.066,0.402,1
Vince Carter,2785,73,38.2,"2004",4.8,4.8,2.1,22.5,0.501,0.103,0.402,1
Tracy McGrady,2675,67,39.9,"2004",6.0,5.5,2.0,28.0,0.526,0.151,0.256,1
Manu Ginobili,2193,74,29.6,"2005",4.4,3.9,2.0,16.0,0.609,0.24,0.72,1
Tim Duncan,2203,66,33.4,"2005",11.1,2.7,3.3,20.3,0.54,0.245,0.72,1
Amar'e Stoudemire,2889,80,36.1,"2005",8.9,1.6,2.6,26.0,0.617,0.243,0.756,1
Shawn Marion,3146,81,38.8,"2005",11.3,1.9,3.5,19.4,0.556,0.191,0.756,1
Steve Nash,2573,75,34.3,"2005",3.3,11.5,1.1,15.5,0.606,0.203,0.756,1
Dwyane Wade,2974,77,38.6,"2005",5.2,6.8,2.6,24.1,0.561,0.177,0.72,1
Shaquille O'Neal,2492,73,34.1,"2005",10.4,2.7,2.8,22.9,0.583,0.211,0.72,1
Dirk Nowitzki,3020,78,38.7,"2005",9.7,3.1,2.8,26.1,0.578,0.248,0.707,1
Tracy McGrady,3182,78,40.8,"2005",6.2,5.7,2.4,25.7,0.526,0.18,0.622,1
Yao Ming,2447,80,30.6,"2005",8.4,0.8,2.4,18.3,0.614,0.21,0.622,1
Ben Wallace,2671,74,36.1,"2005",12.2,1.7,3.8,9.7,0.459,0.153,0.659,1
Rashard Lewis,2697,71,38.0,"2005",5.5,1.3,1.9,20.5,0.571,0.15,0.634,1
Ray Allen,3064,78,39.3,"2005",4.4,3.7,1.1,23.9,0.555,0.168,0.634,1
Kevin Garnett,3121,82,38.1,"2005",13.5,5.7,2.8,22.2,0.567,0.248,0.537,1
Paul Pierce,2960,82,36.1,"2005",6.6,4.2,2.1,21.6,0.583,0.182,0.549,1
LeBron James,3388,80,42.4,"2005",7.4,7.2,2.9,27.2,0.554,0.203,0.512,1
Zydrunas Ilgauskas,2615,78,33.5,"2005",8.6,1.3,2.8,16.9,0.55,0.149,0.512,1
Jermaine O'Neal,1530,44,34.8,"2005",8.8,1.9,2.6,24.3,0.52,0.118,0.537,1
Antawn Jamison,2605,68,38.3,"2005",7.6,2.3,1.0,19.6,0.506,0.1,0.549,1
Gilbert Arenas,3274,80,40.9,"2005",4.7,5.1,2.0,25.5,0.565,0.169,0.549,1
Allen Iverson,3174,75,42.3,"2005",4.0,7.9,2.5,30.7,0.532,0.136,0.524,1
Grant Hill,2338,67,34.9,"2005",4.7,3.3,1.9,19.7,0.565,0.136,0.439,1
Kobe Bryant,2689,66,40.7,"2005",5.9,6.0,2.1,27.6,0.563,0.145,0.415,1
Tim Duncan,2784,80,34.8,"2006",11.0,3.2,2.9,18.6,0.523,0.187,0.768,1
Tony Parker,2715,80,33.9,"2006",3.3,5.8,1.1,18.9,0.584,0.169,0.768,1
Ben Wallace,2890,82,35.2,"2006",11.3,1.9,4.0,7.3,0.501,0.168,0.78,1
Chauncey Billups,2925,81,36.1,"2006",3.1,8.6,1.0,18.5,0.602,0.254,0.78,1
Rasheed Wallace,2780,80,34.8,"2006",6.8,2.3,2.7,15.1,0.527,0.154,0.78,1
Richard Hamilton,2825,80,35.3,"2006",3.2,3.4,0.9,20.1,0.553,0.13,0.78,1
Dirk Nowitzki,3089,81,38.1,"2006",9.0,2.8,1.7,26.6,0.589,0.275,0.732,1
Shawn Marion,3263,81,40.3,"2006",11.8,1.8,3.7,21.8,0.591,0.214,0.659,1
Steve Nash,2796,79,35.4,"2006",4.2,10.5,0.9,18.8,0.632,0.212,0.659,1
Pau Gasol,3135,80,39.2,"2006",8.9,4.6,2.5,20.4,0.555,0.184,0.598,1
Dwyane Wade,2892,75,38.6,"2006",5.7,6.7,2.7,27.2,0.577,0.239,0.634,1
Shaquille O'Neal,1806,59,30.6,"2006",9.2,1.9,2.2,20.0,0.586,0.164,0.634,1
Kobe Bryant,3277,80,41.0,"2006",5.3,4.5,2.2,35.4,0.559,0.224,0.549,1
LeBron James,3361,79,42.5,"2006",7.0,6.6,2.4,31.4,0.568,0.232,0.61,1
Jermaine O'Neal,1802,51,35.3,"2006",9.3,2.6,2.8,20.1,0.53,0.131,0.5,1
Gilbert Arenas,3384,80,42.3,"2006",3.5,6.1,2.3,29.3,0.581,0.193,0.512,1
Elton Brand,3099,79,39.2,"2006",10.0,2.6,3.6,24.7,0.58,0.229,0.573,1
Vince Carter,2906,79,36.8,"2006",5.8,4.3,1.9,24.2,0.536,0.153,0.598,1
Carmelo Anthony,2941,80,36.8,"2006",4.9,2.7,1.6,26.5,0.563,0.153,0.537,1
Tracy McGrady,1745,47,37.1,"2006",6.5,4.8,2.1,24.4,0.494,0.112,0.415,1
Yao Ming,1949,57,34.2,"2006",10.2,1.5,2.2,22.3,0.592,0.211,0.415,1
Paul Pierce,3084,79,39.0,"2006",6.7,4.7,1.8,26.8,0.582,0.178,0.402,1
Kevin Garnett,2957,76,38.9,"2006",12.7,4.1,2.8,21.8,0.589,0.242,0.402,1
Allen Iverson,3103,72,43.1,"2006",3.2,7.4,2.1,33.0,0.543,0.165,0.463,1
Chris Bosh,2751,70,39.3,"2006",9.2,2.6,1.8,22.5,0.585,0.17,0.329,1
Ray Allen,3022,78,38.7,"2006",4.3,3.7,1.6,25.1,0.59,0.15,0.427,1
Tim Duncan,2726,80,34.1,"2007",10.6,3.4,3.2,20.0,0.579,0.23,0.707,1
Tony Parker,2499,77,32.5,"2007",3.2,5.5,1.1,18.6,0.572,0.185,0.707,1
Dirk Nowitzki,2820,78,36.2,"2007",8.9,3.4,1.5,24.6,0.605,0.278,0.817,1
Josh Howard,2455,70,35.1,"2007",6.8,1.8,2.0,18.9,0.548,0.173,0.817,1
Amar'e Stoudemire,2689,82,32.8,"2007",9.6,1.0,2.3,20.4,0.637,0.201,0.744,1
Shawn Marion,3010,80,37.6,"2007",9.8,1.7,3.5,17.5,0.594,0.191,0.744,1
Steve Nash,2682,76,35.3,"2007",3.5,11.6,0.8,18.6,0.654,0.225,0.744,1
Tracy McGrady,2539,71,35.8,"2007",5.3,6.5,1.8,24.6,0.515,0.163,0.634,1
Yao Ming,1624,48,33.8,"2007",9.4,2.0,2.3,25.0,0.601,0.22,0.634,1
Chauncey Billups,2533,70,36.2,"2007",3.4,7.2,1.4,17.0,0.591,0.216,0.646,1
Richard Hamilton,2763,75,36.8,"2007",3.8,3.8,1.0,19.8,0.551,0.141,0.646,1
LeBron James,3190,78,40.9,"2007",6.7,6.0,2.3,27.3,0.552,0.206,0.61,1
Carlos Boozer,2557,74,34.6,"2007",11.7,3.0,1.2,20.9,0.588,0.185,0.622,1
Mehmet Okur,2664,80,33.3,"2007",7.2,2.0,0.9,17.6,0.571,0.158,0.622,1
Carmelo Anthony,2486,65,38.2,"2007",6.0,3.8,1.5,28.9,0.552,0.14,0.549,1
Chris Bosh,2658,69,38.5,"2007",10.7,2.5,1.9,22.6,0.577,0.174,0.573,1
Dwight Howard,3023,82,36.9,"2007",12.3,1.9,2.8,17.6,0.619,0.154,0.488,1
Kobe Bryant,3140,77,40.8,"2007",5.7,5.4,1.9,31.6,0.58,0.199,0.512,1
Caron Butler,2474,63,39.3,"2007",7.4,3.7,2.4,19.1,0.537,0.103,0.5,1
Gilbert Arenas,2942,74,39.8,"2007",4.6,6.0,2.1,28.4,0.565,0.177,0.5,1
Jason Kidd,2933,80,36.7,"2007",8.2,9.2,1.9,13.0,0.516,0.152,0.5,1
Vince Carter,3126,82,38.1,"2007",6.0,4.8,1.4,25.2,0.559,0.161,0.5,1
Dwyane Wade,1931,51,37.9,"2007",4.7,7.5,3.3,27.4,0.583,0.219,0.537,1
Shaquille O'Neal,1135,40,28.4,"2007",7.4,2.0,1.6,17.3,0.567,0.119,0.537,1
Jermaine O'Neal,2459,69,35.6,"2007",9.6,2.4,3.4,19.4,0.5,0.091,0.427,1
Ray Allen,2219,55,40.3,"2007",4.5,4.1,1.7,26.4,0.564,0.136,0.378,1
Kevin Garnett,2995,76,39.4,"2007",12.8,4.1,2.8,22.4,0.546,0.171,0.39,1
Joe Johnson,2359,57,41.4,"2007",4.2,4.4,1.2,25.0,0.558,0.105,0.366,1
Kevin Garnett,2328,71,32.8,"2008",9.2,3.4,2.7,18.8,0.588,0.265,0.805,1
Paul Pierce,2874,80,35.9,"2008",5.1,4.5,1.7,19.6,0.599,0.207,0.805,1
Ray Allen,2624,73,35.9,"2008",3.7,3.1,1.1,17.4,0.584,0.177,0.805,1
Chauncey Billups,2522,78,32.3,"2008",2.7,6.8,1.5,17.0,0.619,0.257,0.72,1
Rasheed Wallace,2346,77,30.5,"2008",6.6,1.8,2.9,12.7,0.523,0.155,0.72,1
Richard Hamilton,2424,72,33.7,"2008",3.3,4.2,1.2,17.3,0.552,0.152,0.72,1
Kobe Bryant,3192,82,38.9,"2008",6.3,5.4,2.3,28.3,0.576,0.208,0.695,1
Carlos Boozer,2827,81,34.9,"2008",10.4,2.9,1.7,21.1,0.581,0.173,0.659,1
Deron Williams,3059,82,37.3,"2008",3.0,10.5,1.4,18.8,0.595,0.177,0.659,1
Dwight Howard,3088,82,37.7,"2008",14.2,1.3,3.0,20.7,0.619,0.2,0.634,1
Chris Paul,3006,80,37.6,"2008",4.0,11.6,2.8,21.1,0.576,0.284,0.683,1
David West,2870,76,37.8,"2008",8.9,2.3,2.1,20.6,0.535,0.14,0.683,1
Tim Duncan,2651,78,34.0,"2008",11.3,2.8,2.7,19.3,0.546,0.201,0.683,1
Tracy McGrady,2440,66,37.0,"2008",5.1,5.9,1.5,21.6,0.487,0.115,0.671,1
Yao Ming,2044,55,37.2,"2008",10.8,2.3,2.5,22.0,0.587,0.196,0.671,1
Amar'e Stoudemire,2677,79,33.9,"2008",9.1,1.5,2.9,25.2,0.656,0.262,0.671,1
Steve Nash,2780,81,34.3,"2008",3.5,11.1,0.7,16.9,0.641,0.181,0.671,1
Dirk Nowitzki,2769,77,36.0,"2008",8.6,3.5,1.6,23.6,0.585,0.223,0.622,1
Allen Iverson,3424,82,41.8,"2008",3.0,7.1,2.1,26.4,0.567,0.163,0.61,1
Carmelo Anthony,2806,77,36.4,"2008",7.4,3.4,1.8,25.7,0.568,0.14,0.61,1
Chris Bosh,2425,67,36.2,"2008",8.7,2.6,1.9,22.3,0.588,0.2,0.5,1
Antawn Jamison,3061,79,38.7,"2008",10.2,1.5,1.8,21.4,0.525,0.144,0.524,1
Caron Butler,2314,58,39.9,"2008",6.7,4.9,2.6,20.3,0.558,0.15,0.524,1
LeBron James,3027,75,40.4,"2008",7.9,7.2,2.9,30.0,0.568,0.242,0.549,1
Brandon Roy,2792,74,37.7,"2008",4.7,5.8,1.3,19.1,0.531,0.138,0.5,1
Joe Johnson,3343,82,40.8,"2008",4.5,5.8,1.2,21.7,0.535,0.1,0.451,1
Dwyane Wade,1954,51,38.3,"2008",4.2,6.9,2.4,24.6,0.549,0.082,0.183,1
LeBron James,3054,81,37.7,"2009",7.6,7.2,2.8,28.4,0.591,0.318,0.805,1
Mo Williams,2834,81,35.0,"2009",3.4,4.1,1.0,17.8,0.588,0.165,0.805,1
Kevin Garnett,1772,57,31.1,"2009",8.5,2.5,2.3,15.8,0.563,0.193,0.756,1
Paul Pierce,3035,81,37.5,"2009",5.6,3.6,1.3,20.5,0.582,0.164,0.756,1
Ray Allen,2876,79,36.4,"2009",3.5,2.8,1.0,18.2,0.624,0.186,0.756,1
Kobe Bryant,2960,82,36.1,"2009",5.2,4.9,1.9,26.8,0.561,0.206,0.793,1
Pau Gasol,2999,81,37.0,"2009",9.6,3.5,1.6,18.9,0.617,0.223,0.793,1
Dwight Howard,2821,79,35.7,"2009",13.8,1.4,3.9,20.6,0.6,0.234,0.72,1
Jameer Nelson,1309,42,31.2,"2009",3.5,5.4,1.3,16.7,0.612,0.22,0.72,1
Rashard Lewis,2859,79,36.2,"2009",5.7,2.6,1.7,17.7,0.58,0.16,0.72,1
Brandon Roy,2903,78,37.2,"2009",4.7,5.1,1.4,22.6,0.573,0.223,0.659,1
Yao Ming,2589,77,33.6,"2009",9.9,1.8,2.3,19.7,0.618,0.196,0.646,1
Tim Duncan,2524,75,33.7,"2009",10.7,3.5,2.2,19.3,0.549,0.191,0.659,1
Tony Parker,2456,72,34.1,"2009",3.1,6.9,1.0,22.0,0.556,0.168,0.659,1
Carmelo Anthony,2277,66,34.5,"2009",6.8,3.4,1.5,22.8,0.532,0.105,0.659,1
Dirk Nowitzki,3050,81,37.7,"2009",8.4,2.4,1.5,25.9,0.564,0.171,0.61,1
Amar'e Stoudemire,1948,53,36.8,"2009",8.1,2.0,2.0,21.4,0.617,0.149,0.561,1
Shaquille O'Neal,2252,75,30.0,"2009",8.4,1.7,2.1,17.8,0.623,0.166,0.561,1
Joe Johnson,3124,79,39.5,"2009",4.4,5.8,1.3,21.4,0.534,0.116,0.573,1
Chris Paul,3002,78,38.5,"2009",5.5,11.0,2.9,22.8,0.599,0.292,0.598,1
David West,2982,76,39.2,"2009",8.5,2.3,1.5,21.0,0.54,0.125,0.598,1
Dwyane Wade,3048,79,38.6,"2009",5.0,7.5,3.5,30.2,0.574,0.232,0.524,1
Danny Granger,2424,67,36.2,"2009",5.1,2.7,2.5,25.8,0.584,0.158,0.439,1
Devin Harris,2494,69,36.1,"2009",3.3,6.9,1.8,21.3,0.563,0.145,0.415,1
Chris Bosh,2928,77,38.0,"2009",10.0,2.5,1.9,22.7,0.569,0.159,0.402,1
Dwight Howard,2843,82,34.7,"2010",13.2,1.8,3.7,18.3,0.63,0.223,0.72,1
LeBron James,2966,76,39.0,"2010",7.3,8.6,2.7,29.7,0.604,0.299,0.744,1
Deron Williams,2802,76,36.9,"2010",4.0,10.5,1.5,18.7,0.574,0.177,0.646,1
Tim Duncan,2438,78,31.3,"2010",10.1,3.2,2.1,17.9,0.56,0.215,0.61,1
Al Horford,2845,81,35.1,"2010",9.9,2.3,1.9,14.2,0.594,0.183,0.646,1
Joe Johnson,2886,76,38.0,"2010",4.6,4.9,1.1,21.3,0.538,0.14,0.646,1
Amar'e Stoudemire,2838,82,34.6,"2010",8.9,1.0,1.6,23.1,0.615,0.181,0.659,1
Steve Nash,2660,81,32.8,"2010",3.3,11.0,0.7,16.5,0.615,0.178,0.659,1
Kobe Bryant,2835,73,38.8,"2010",5.4,5.0,1.8,27.0,0.545,0.16,0.695,1
Pau Gasol,2403,65,37.0,"2010",11.3,3.4,2.3,18.3,0.593,0.22,0.695,1
Carmelo Anthony,2634,69,38.2,"2010",6.6,3.2,1.7,28.2,0.548,0.145,0.646,1
Chauncey Billups,2490,73,34.1,"2010",3.1,5.6,1.2,19.5,0.601,0.182,0.646,1
Kevin Garnett,2060,69,29.9,"2010",7.3,2.7,1.8,14.3,0.569,0.171,0.61,1
Paul Pierce,2411,71,34.0,"2010",4.4,3.1,1.6,18.3,0.613,0.165,0.61,1
Rajon Rondo,2963,81,36.6,"2010",4.4,9.8,2.5,13.7,0.54,0.156,0.61,1
Brandon Roy,2419,65,37.2,"2010",4.4,4.7,1.2,21.5,0.568,0.18,0.61,1
Kevin Durant,3239,82,39.5,"2010",7.6,2.8,2.4,30.1,0.607,0.238,0.61,1
Dirk Nowitzki,3039,81,37.5,"2010",7.7,2.7,1.8,25.0,0.578,0.194,0.671,1
Jason Kidd,2881,80,36.0,"2010",5.6,9.1,2.3,10.3,0.577,0.148,0.671,1
Dwyane Wade,2792,77,36.3,"2010",4.8,6.5,2.9,26.6,0.562,0.224,0.573,1
Andrew Bogut,2229,69,32.3,"2010",10.2,1.8,3.1,15.9,0.54,0.161,0.561,1
Gerald Wallace,3119,76,41.0,"2010",10.0,2.1,2.6,18.2,0.586,0.177,0.537,1
Zach Randolph,3051,81,37.7,"2010",11.7,1.8,1.4,20.8,0.546,0.153,0.488,1
Derrick Rose,2871,78,36.8,"2010",3.8,6.0,1.1,20.8,0.532,0.1,0.5,1
Chris Bosh,2526,70,36.1,"2010",10.8,2.4,1.6,24.0,0.592,0.182,0.488,1
Chris Paul,1712,45,38.0,"2010",4.2,10.7,2.3,18.7,0.584,0.204,0.451,1
David Lee,3019,81,37.3,"2010",11.7,3.6,1.5,20.2,0.584,0.163,0.354,1
Chris Kaman,2608,76,34.3,"2010",9.3,1.6,1.7,18.5,0.527,0.044,0.354,1
Chris Bosh,2795,77,36.3,"2011",8.3,1.9,1.4,18.7,0.569,0.177,0.707,1
Dwyane Wade,2823,76,37.1,"2011",6.4,4.6,2.6,25.5,0.581,0.218,0.707,1
LeBron James,3063,79,38.8,"2011",7.5,7.0,2.2,26.7,0.594,0.244,0.707,1
Derrick Rose,3026,81,37.4,"2011",4.1,7.7,1.7,25.0,0.55,0.208,0.756,1
Kobe Bryant,2779,82,33.9,"2011",5.1,4.7,1.4,25.3,0.548,0.178,0.695,1
Pau Gasol,3037,82,37.0,"2011",10.2,3.3,2.2,18.8,0.589,0.232,0.695,1
Manu Ginobili,2426,80,30.3,"2011",3.7,4.9,1.9,17.4,0.581,0.195,0.744,1
Tim Duncan,2156,76,28.4,"2011",8.9,2.7,2.6,13.4,0.537,0.171,0.744,1
Kevin Garnett,2220,71,31.3,"2011",8.9,2.4,2.1,14.9,0.575,0.194,0.683,1
Paul Pierce,2774,80,34.7,"2011",5.4,3.3,1.6,18.9,0.62,0.201,0.683,1
Rajon Rondo,2527,68,37.2,"2011",4.4,11.2,2.4,10.6,0.495,0.126,0.683,1
Ray Allen,2890,80,36.1,"2011",3.4,2.7,1.2,16.5,0.615,0.166,0.683,1
Dwight Howard,2935,78,37.6,"2011",14.1,1.4,3.8,22.9,0.616,0.235,0.634,1
Dirk Nowitzki,2504,73,34.3,"2011",7.0,2.6,1.2,23.0,0.612,0.213,0.695,1
Kevin Durant,3038,78,38.9,"2011",6.8,2.7,2.1,27.7,0.589,0.189,0.671,1
Russell Westbrook,2847,82,34.7,"2011",4.6,8.2,2.3,21.9,0.538,0.159,0.671,1
Zach Randolph,2724,75,36.3,"2011",12.2,2.2,1.2,20.1,0.552,0.185,0.561,1
Yao Ming,91,5,18.2,"2011",5.4,0.8,1.6,10.2,0.579,0.147,0.524,1
LaMarcus Aldridge,3211,81,39.6,"2011",8.8,2.1,2.2,21.8,0.549,0.166,0.585,1
Chris Paul,2880,80,36.0,"2011",4.1,9.8,2.4,15.9,0.578,0.232,0.561,1
Amar'e Stoudemire,2870,78,36.8,"2011",8.2,2.6,2.8,25.3,0.565,0.134,0.512,1
Al Horford,2704,77,35.1,"2011",9.3,3.5,1.8,15.3,0.587,0.179,0.537,1
Joe Johnson,2554,72,35.5,"2011",4.0,4.7,0.8,18.2,0.517,0.08,0.537,1
Blake Griffin,3112,82,38.0,"2011",12.1,3.8,1.3,22.5,0.549,0.152,0.39,1
Kevin Love,2611,73,35.8,"2011",15.2,2.5,1.0,20.2,0.593,0.21,0.207,1
Derrick Rose,1375,39,35.3,"2012",3.4,7.9,1.6,21.8,0.532,0.211,0.758,1
Luol Deng,2129,54,39.4,"2012",6.5,2.9,1.7,15.3,0.5,0.132,0.758,1
Tony Parker,1923,60,32.1,"2012",2.9,7.7,1.0,18.3,0.539,0.177,0.758,1
Kevin Durant,2546,66,38.6,"2012",8.0,3.5,2.5,28.0,0.61,0.23,0.712,1
Russell Westbrook,2331,66,35.3,"2012",4.6,5.5,2.0,23.6,0.538,0.163,0.712,1
Chris Bosh,2007,57,35.2,"2012",7.9,1.8,1.7,18.0,0.551,0.165,0.697,1
Dwyane Wade,1625,49,33.2,"2012",4.8,4.6,3.0,22.1,0.559,0.227,0.697,1
LeBron James,2326,62,37.5,"2012",7.9,6.2,2.7,27.1,0.605,0.298,0.697,1
Andre Iguodala,2209,62,35.6,"2012",6.1,5.5,2.2,12.4,0.537,0.158,0.53,1
Joe Johnson,2127,60,35.5,"2012",3.7,3.9,1.0,18.8,0.557,0.145,0.606,1
Roy Hibbert,1937,65,29.8,"2012",8.8,1.7,2.5,12.8,0.539,0.154,0.636,1
Carmelo Anthony,1876,55,34.1,"2012",6.3,3.6,1.6,22.6,0.525,0.16,0.545,1
Tyson Chandler,2061,62,33.2,"2012",9.9,0.9,2.3,11.3,0.708,0.22,0.545,1
Paul Pierce,2075,61,34.0,"2012",5.2,4.5,1.6,19.4,0.567,0.161,0.591,1
Rajon Rondo,1957,53,36.9,"2012",4.8,11.7,1.8,11.9,0.483,0.121,0.591,1
Blake Griffin,2392,66,36.2,"2012",10.9,3.2,1.5,20.7,0.557,0.185,0.606,1
Chris Paul,2181,60,36.4,"2012",3.6,9.1,2.6,19.8,0.581,0.278,0.606,1
Marc Gasol,2370,65,36.5,"2012",8.9,3.1,2.8,14.6,0.541,0.166,0.621,1
Andrew Bynum,2112,60,35.2,"2012",11.8,1.4,2.4,18.7,0.594,0.183,0.621,1
Kobe Bryant,2232,58,38.5,"2012",5.4,4.6,1.5,27.9,0.527,0.132,0.621,1
Dirk Nowitzki,2079,62,33.5,"2012",6.7,2.2,1.2,21.6,0.564,0.175,0.545,1
Dwight Howard,2070,54,38.3,"2012",14.5,1.9,3.6,20.6,0.569,0.179,0.561,1
Steve Nash,1961,62,31.6,"2012",3.0,10.7,0.7,12.5,0.625,0.144,0.5,1
LaMarcus Aldridge,1994,55,36.3,"2012",8.0,2.4,1.7,21.7,0.56,0.169,0.424,1
Kevin Love,2145,55,39.0,"2012",13.3,2.0,1.4,26.0,0.568,0.223,0.394,1
Deron Williams,1999,55,36.3,"2012",3.3,8.7,1.6,21.0,0.527,0.099,0.333,1
Kevin Durant,3119,81,38.5,"2013",7.9,4.6,2.7,28.1,0.647,0.291,0.732,1
Russell Westbrook,2861,82,34.9,"2013",5.2,7.4,2.1,23.2,0.532,0.195,0.732,1
Chris Bosh,2454,74,33.2,"2013",6.8,1.7,2.3,16.6,0.592,0.175,0.805,1
Dwyane Wade,2391,69,34.7,"2013",5.0,5.1,2.7,21.2,0.571,0.192,0.805,1
LeBron James,2877,76,37.9,"2013",8.0,7.3,2.6,26.8,0.64,0.322,0.805,1
Blake Griffin,2598,80,32.5,"2013",8.3,3.7,1.8,18.0,0.572,0.196,0.683,1
Chris Paul,2335,70,33.4,"2013",3.7,9.7,2.6,16.9,0.594,0.287,0.683,1
Tim Duncan,2078,69,30.1,"2013",9.9,2.7,3.4,17.8,0.554,0.191,0.707,1
Tony Parker,2174,66,32.9,"2013",3.0,7.6,0.9,20.3,0.588,0.206,0.707,1
Carmelo Anthony,2482,67,37.0,"2013",6.9,2.6,1.3,28.7,0.56,0.184,0.659,1
Tyson Chandler,2164,66,32.8,"2013",10.7,0.9,1.8,10.4,0.671,0.207,0.659,1
Marc Gasol,2796,80,35.0,"2013",7.8,4.0,2.7,14.1,0.559,0.197,0.683,1
Zach Randolph,2607,76,34.3,"2013",11.2,1.4,1.2,15.4,0.506,0.145,0.683,1
Paul George,2972,79,37.6,"2013",7.6,4.1,2.5,17.4,0.531,0.145,0.605,1
James Harden,2985,78,38.3,"2013",4.9,5.8,2.3,25.9,0.6,0.206,0.549,1
Brook Lopez,2253,74,30.4,"2013",6.9,0.9,2.5,19.4,0.567,0.191,0.598,1
Dwight Howard,2722,76,35.8,"2013",12.4,1.4,3.6,17.1,0.573,0.134,0.549,1
Kobe Bryant,3013,78,38.6,"2013",5.6,6.0,1.7,27.3,0.57,0.174,0.549,1
David Lee,2907,79,36.8,"2013",11.2,3.5,1.1,18.5,0.561,0.15,0.573,1
Joakim Noah,2426,66,36.8,"2013",11.1,4.0,3.3,11.9,0.534,0.145,0.549,1
Luol Deng,2903,75,38.7,"2013",6.3,3.0,1.5,16.5,0.508,0.105,0.549,1
Kevin Garnett,2022,68,29.7,"2013",7.8,2.3,2.1,14.8,0.535,0.133,0.506,1
Rajon Rondo,1423,38,37.4,"2013",5.6,11.1,2.1,13.7,0.516,0.108,0.506,1
LaMarcus Aldridge,2790,74,37.7,"2013",9.1,2.6,2.1,21.1,0.53,0.124,0.402,1
Jrue Holiday,2926,78,37.5,"2013",4.2,8.0,2.0,17.7,0.496,0.055,0.415,1
Kyrie Irving,2048,59,34.7,"2013",3.7,5.9,1.9,22.5,0.553,0.125,0.293,1
Tony Parker,1997,68,29.4,"2014",2.3,5.7,0.7,16.7,0.555,0.141,0.756,1
Blake Griffin,2863,80,35.8,"2014",9.5,3.9,1.8,24.1,0.583,0.205,0.695,1
Chris Paul,2171,62,35.0,"2014",4.3,10.7,2.5,19.1,0.58,0.27,0.695,1
Kevin Durant,3122,81,38.5,"2014",7.4,5.5,2.0,32.0,0.635,0.295,0.72,1
Chris Bosh,2531,79,32.0,"2014",6.6,1.1,2.0,16.2,0.597,0.152,0.659,1
Dwyane Wade,1775,54,32.9,"2014",4.5,4.7,2.0,19.0,0.588,0.149,0.659,1
LeBron James,2902,77,37.7,"2014",6.9,6.3,1.9,27.1,0.649,0.264,0.659,1
Stephen Curry,2846,78,36.5,"2014",4.3,8.5,1.8,24.0,0.61,0.225,0.622,1
Paul George,2898,80,36.2,"2014",6.8,3.5,2.2,21.7,0.555,0.178,0.683,1
Roy Hibbert,2409,81,29.7,"2014",6.6,1.1,2.6,10.8,0.499,0.108,0.683,1
Dwight Howard,2396,71,33.7,"2014",12.2,1.8,2.6,18.3,0.6,0.161,0.659,1
James Harden,2777,73,38.0,"2014",4.7,6.1,2.0,25.4,0.618,0.221,0.659,1
Damian Lillard,2937,82,35.8,"2014",3.5,5.6,1.0,20.7,0.568,0.157,0.659,1
LaMarcus Aldridge,2498,69,36.2,"2014",11.1,2.6,1.9,23.2,0.507,0.144,0.659,1
DeMar DeRozan,3017,79,38.2,"2014",4.3,4.0,1.4,22.7,0.532,0.141,0.585,1
Goran Dragic,2668,76,35.1,"2014",3.2,5.9,1.7,20.3,0.604,0.186,0.585,1
Kevin Love,2797,77,36.3,"2014",12.5,4.4,1.2,26.1,0.591,0.245,0.488,1
Dirk Nowitzki,2628,80,32.9,"2014",6.2,2.7,1.5,21.7,0.603,0.199,0.598,1
Joakim Noah,2820,80,35.3,"2014",11.3,5.4,2.8,12.6,0.531,0.19,0.585,1
John Wall,2980,82,36.3,"2014",4.1,8.8,2.3,19.3,0.524,0.128,0.537,1
Al Jefferson,2553,73,35.0,"2014",10.8,2.1,2.0,21.8,0.532,0.146,0.524,1
Paul Millsap,2482,74,33.5,"2014",8.5,3.1,2.8,17.9,0.545,0.129,0.463,1
Carmelo Anthony,2982,77,38.7,"2014",8.1,3.1,1.9,27.4,0.561,0.172,0.451,1
Joe Johnson,2575,79,32.6,"2014",3.4,2.7,0.7,15.8,0.564,0.091,0.537,1
Anthony Davis,2358,67,35.2,"2014",10.0,1.6,4.1,20.8,0.582,0.212,0.415,1
Kyrie Irving,2496,71,35.2,"2014",3.6,6.1,1.8,20.8,0.533,0.128,0.402,1
Kobe Bryant,177,6,29.5,"2014",4.3,6.3,1.3,13.8,0.505,-0.097,0.329,1
Klay Thompson,2455,77,31.9,"2015",3.2,2.9,1.9,21.7,0.591,0.172,0.817,1
Stephen Curry,2613,80,32.7,"2015",4.3,7.7,2.2,23.8,0.638,0.288,0.817,1
Blake Griffin,2356,67,35.2,"2015",7.6,5.3,1.5,21.9,0.551,0.183,0.683,1
Chris Paul,2857,82,34.8,"2015",4.6,10.2,2.1,19.1,0.596,0.27,0.683,1
DeAndre Jordan,2820,82,34.4,"2015",15.0,0.7,3.2,11.5,0.638,0.217,0.683,1
Tim Duncan,2227,77,28.9,"2015",9.1,3.0,2.8,13.9,0.56,0.207,0.671,1
Al Horford,2318,76,30.5,"2015",7.2,3.2,2.2,15.2,0.563,0.179,0.732,1
Jeff Teague,2228,73,30.5,"2015",2.5,7.0,2.1,15.9,0.566,0.166,0.732,1
Kyle Korver,2418,75,32.2,"2015",4.1,2.6,1.3,12.1,0.699,0.148,0.732,1
Paul Millsap,2390,73,32.7,"2015",7.8,3.1,2.7,16.7,0.565,0.166,0.732,1
Kyrie Irving,2730,75,36.4,"2015",3.2,5.2,1.8,21.7,0.583,0.183,0.646,1
LeBron James,2493,69,36.1,"2015",6.0,7.4,2.3,25.3,0.577,0.199,0.646,1
Damian Lillard,2925,82,35.7,"2015",4.6,6.2,1.4,21.0,0.56,0.174,0.622,1
LaMarcus Aldridge,2512,71,35.4,"2015",10.2,1.7,1.6,23.4,0.528,0.165,0.622,1
James Harden,2981,81,36.8,"2015",5.7,7.0,2.6,27.4,0.605,0.265,0.683,1
Marc Gasol,2687,81,33.2,"2015",7.8,3.8,2.5,17.4,0.558,0.182,0.671,1
Kyle Lowry,2414,70,34.5,"2015",4.7,6.8,1.7,17.8,0.527,0.141,0.598,1
Jimmy Butler,2513,65,38.7,"2015",5.8,3.3,2.3,20.0,0.583,0.214,0.61,1
Pau Gasol,2681,78,34.4,"2015",11.8,2.7,2.2,18.5,0.55,0.187,0.61,1
Dirk Nowitzki,2282,77,29.6,"2015",5.9,1.9,0.9,17.3,0.56,0.152,0.61,1
Kevin Durant,913,27,33.8,"2015",6.6,4.1,1.8,25.4,0.633,0.252,0.549,1
Russell Westbrook,2302,67,34.4,"2015",7.3,8.6,2.3,28.1,0.536,0.222,0.549,1
Anthony Davis,2455,68,36.1,"2015",10.2,2.2,4.4,24.4,0.591,0.274,0.549,1
John Wall,2837,79,35.9,"2015",4.6,10.0,2.3,17.6,0.523,0.132,0.561,1
Chris Bosh,1556,44,35.4,"2015",7.0,2.2,1.5,21.1,0.548,0.111,0.451,1
Dwyane Wade,1971,62,31.8,"2015",3.5,4.8,1.5,21.5,0.534,0.086,0.451,1
DeMarcus Cousins,2013,59,34.1,"2015",12.7,3.6,3.3,24.1,0.545,0.144,0.354,1
Kobe Bryant,1207,35,34.5,"2015",5.7,5.6,1.5,22.3,0.477,0.006,0.256,1
Carmelo Anthony,1428,40,35.7,"2015",6.6,3.1,1.4,24.2,0.531,0.097,0.207,1
Kawhi Leonard,2380,72,33.1,"2016",6.8,2.6,2.8,21.2,0.616,0.277,0.817,1
LaMarcus Aldridge,2261,74,30.6,"2016",8.5,1.5,1.6,18.0,0.565,0.215,0.817,1
Draymond Green,2808,81,34.7,"2016",9.5,7.4,2.9,14.0,0.587,0.19,0.89,1
Klay Thompson,2666,80,33.3,"2016",3.8,2.1,1.4,22.1,0.597,0.144,0.89,1
Stephen Curry,2700,79,34.2,"2016",5.4,6.7,2.3,30.1,0.669,0.318,0.89,1
Kevin Durant,2578,72,35.8,"2016",8.2,5.0,2.1,28.2,0.634,0.27,0.671,1
Russell Westbrook,2750,80,34.4,"2016",7.8,10.4,2.3,23.5,0.554,0.245,0.671,1
LeBron James,2709,76,35.6,"2016",7.4,6.8,2.0,25.3,0.588,0.242,0.695,1
DeMar DeRozan,2804,78,35.9,"2016",4.5,4.0,1.3,23.5,0.55,0.169,0.683,1
Kyle Lowry,2851,77,37.0,"2016",4.7,6.4,2.5,21.2,0.578,0.196,0.683,1
Chris Paul,2420,74,32.7,"2016",4.2,10.0,2.2,19.5,0.575,0.253,0.646,1
DeAndre Jordan,2598,77,33.7,"2016",13.8,1.2,3.0,12.7,0.628,0.213,0.646,1
Al Horford,2631,82,32.1,"2016",7.3,3.2,2.3,15.2,0.565,0.172,0.585,1
Paul Millsap,2647,81,32.7,"2016",9.0,3.3,3.5,17.1,0.556,0.183,0.585,1
Isaiah Thomas,2644,82,32.2,"2016",3.0,6.2,1.2,22.2,0.562,0.177,0.585,1
Chris Bosh,1778,53,33.5,"2016",7.4,2.4,1.3,19.1,0.571,0.172,0.585,1
Dwyane Wade,2258,74,30.5,"2016",4.1,4.6,1.6,19.0,0.517,0.105,0.585,1
Paul George,2819,81,34.8,"2016",7.0,4.1,2.2,23.1,0.557,0.157,0.549,1
Damian Lillard,2676,75,35.7,"2016",4.0,6.8,1.2,25.1,0.56,0.165,0.537,1
Andre Drummond,2666,81,32.9,"2016",14.8,0.8,2.9,16.2,0.499,0.133,0.537,1
James Harden,3125,82,38.1,"2016",6.1,7.5,2.3,29.0,0.598,0.204,0.5,1
John Wall,2784,77,36.2,"2016",4.9,10.2,2.6,19.9,0.51,0.098,0.5,1
Jimmy Butler,2474,67,36.9,"2016",5.3,4.8,2.3,20.9,0.562,0.177,0.512,1
Pau Gasol,2291,72,31.8,"2016",11.0,4.1,2.6,16.5,0.529,0.149,0.512,1
DeMarcus Cousins,2246,65,34.6,"2016",11.5,3.3,3.0,26.9,0.538,0.122,0.402,1
Carmelo Anthony,2530,72,35.1,"2016",7.7,4.2,1.4,21.8,0.53,0.121,0.39,1
Anthony Davis,2164,61,35.5,"2016",10.3,1.9,3.3,24.3,0.559,0.16,0.366,1
Kobe Bryant,1863,66,28.2,"2016",3.7,2.8,1.1,17.6,0.469,-0.01,0.207,1
Draymond Green,2471,76,32.5,"2017",7.9,7.0,3.4,10.2,0.522,0.16,0.817,1
Kevin Durant,2070,62,33.4,"2017",8.3,4.8,2.7,25.1,0.651,0.278,0.817,1
Klay Thompson,2649,78,34.0,"2017",3.7,2.1,1.4,22.3,0.592,0.129,0.817,1
Stephen Curry,2638,79,33.4,"2017",4.5,6.6,2.0,25.3,0.624,0.229,0.817,1
Kawhi Leonard,2474,74,33.4,"2017",5.8,3.5,2.5,25.5,0.61,0.264,0.744,1
James Harden,2947,81,36.4,"2017",8.1,11.2,2.0,29.1,0.613,0.245,0.671,1
DeMar DeRozan,2620,74,35.4,"2017",5.2,3.9,1.2,27.3,0.552,0.166,0.622,1
Kyle Lowry,2244,60,37.4,"2017",4.8,7.0,1.8,22.4,0.623,0.216,0.622,1
DeAndre Jordan,2570,81,31.7,"2017",13.8,1.2,2.3,12.7,0.673,0.221,0.622,1
Gordon Hayward,2516,73,34.5,"2017",5.4,3.5,1.3,21.9,0.595,0.199,0.622,1
Rudy Gobert,2744,81,33.9,"2017",12.8,1.2,3.2,14.0,0.681,0.25,0.622,1
Kevin Love,1885,60,31.4,"2017",11.1,1.9,1.2,19.0,0.573,0.163,0.622,1
Kyrie Irving,2525,72,35.1,"2017",3.2,5.8,1.5,25.2,0.58,0.17,0.622,1
LeBron James,2794,74,37.8,"2017",8.6,8.7,1.8,26.4,0.619,0.221,0.622,1
Isaiah Thomas,2569,76,33.8,"2017",2.7,5.9,1.1,28.9,0.625,0.234,0.646,1
John Wall,2836,78,36.4,"2017",4.2,10.7,2.6,23.1,0.541,0.149,0.598,1
Russell Westbrook,2802,81,34.6,"2017",10.7,10.4,2.0,31.6,0.554,0.224,0.573,1
Marc Gasol,2531,74,34.2,"2017",6.3,4.6,2.2,19.5,0.554,0.145,0.524,1
Jimmy Butler,2809,76,37.0,"2017",6.2,5.5,2.3,23.9,0.586,0.236,0.5,1
Kemba Walker,2739,79,34.7,"2017",3.9,5.5,1.4,23.2,0.569,0.142,0.439,1
Paul George,2689,75,35.9,"2017",6.6,3.3,1.9,23.7,0.587,0.126,0.512,1
Giannis Antetokounmpo,2845,80,35.6,"2017",8.8,5.4,3.5,22.9,0.599,0.21,0.512,1
Paul Millsap,2343,69,34.0,"2017",7.7,3.7,2.2,18.1,0.542,0.132,0.524,1
Anthony Davis,2708,75,36.1,"2017",11.8,2.1,3.5,28.0,0.58,0.195,0.415,1
Carmelo Anthony,2538,74,34.3,"2017",5.9,2.9,1.3,22.4,0.535,0.089,0.378,1
James Harden,2551,72,35.4,"2018",5.4,8.8,2.4,30.4,0.619,0.289,0.793,1
DeMar DeRozan,2711,80,33.9,"2018",3.9,5.2,1.3,23.0,0.555,0.17,0.72,1
Kyle Lowry,2510,78,32.2,"2018",5.6,6.9,1.3,16.2,0.598,0.194,0.72,1
Draymond Green,2287,70,32.7,"2018",7.6,7.3,2.7,11.0,0.556,0.127,0.707,1
Kevin Durant,2325,68,34.2,"2018",6.8,5.4,2.5,26.4,0.64,0.215,0.707,1
Klay Thompson,2506,73,34.3,"2018",3.8,2.5,1.2,20.0,0.598,0.094,0.707,1
Stephen Curry,1631,51,32.0,"2018",5.1,6.1,1.7,26.4,0.675,0.267,0.707,1
Joel Embiid,1912,63,30.3,"2018",11.0,3.2,2.4,22.9,0.573,0.155,0.634,1
Al Horford,2277,72,31.6,"2018",7.4,4.7,1.7,12.9,0.575,0.165,0.671,1
Kyrie Irving,1931,60,32.2,"2018",3.8,5.1,1.4,24.4,0.61,0.222,0.671,1
Paul George,2891,79,36.6,"2018",5.7,3.3,2.5,21.9,0.57,0.147,0.585,1
Russell Westbrook,2914,80,36.4,"2018",10.1,10.3,2.1,25.4,0.524,0.166,0.585,1
LaMarcus Aldridge,2509,75,33.5,"2018",8.5,2.0,1.8,23.1,0.57,0.209,0.573,1
Damian Lillard,2670,73,36.6,"2018",4.5,6.6,1.4,26.9,0.594,0.227,0.598,1
Jimmy Butler,2164,59,36.7,"2018",5.3,4.9,2.4,22.2,0.59,0.198,0.573,1
Karl-Anthony Towns,2918,82,35.6,"2018",12.3,2.4,2.2,21.3,0.646,0.23,0.573,1
Victor Oladipo,2552,75,34.0,"2018",5.2,4.3,3.1,23.1,0.577,0.155,0.585,1
Anthony Davis,2727,75,36.4,"2018",11.1,2.3,4.1,28.1,0.612,0.241,0.585,1
DeMarcus Cousins,1737,48,36.2,"2018",12.9,5.4,3.2,25.2,0.583,0.13,0.585,1
Kevin Love,1651,59,28.0,"2018",9.3,1.7,1.1,17.6,0.614,0.185,0.61,1
LeBron James,3026,82,36.9,"2018",8.6,9.1,2.3,27.5,0.621,0.221,0.61,1
Bradley Beal,2977,82,36.3,"2018",4.4,4.5,1.6,22.6,0.564,0.111,0.524,1
John Wall,1410,41,34.4,"2018",3.7,9.6,2.5,19.4,0.515,0.092,0.524,1
Goran Dragic,2378,75,31.7,"2018",4.1,4.8,1.0,17.3,0.543,0.106,0.537,1
Kemba Walker,2736,80,34.2,"2018",3.1,5.6,1.4,22.1,0.572,0.15,0.439,1
Andre Drummond,2625,78,33.7,"2018",16.0,3.0,3.1,15.0,0.555,0.189,0.476,1
Giannis Antetokounmpo,2756,75,36.7,"2018",10.0,4.8,2.9,26.9,0.598,0.207,0.537,1
Kristaps Porzingis,1553,48,32.4,"2018",6.6,1.2,3.1,22.7,0.539,0.099,0.354,1
Giannis Antetokounmpo,2358,72,32.8,"2019",12.5,5.9,2.8,27.7,0.644,0.292,0.732,1
Khris Middleton,2393,77,31.1,"2019",6.0,4.3,1.1,18.3,0.558,0.123,0.732,1
Kevin Durant,2702,78,34.6,"2019",6.4,5.9,1.8,26.0,0.631,0.204,0.695,1
Klay Thompson,2652,78,34.0,"2019",3.8,2.4,1.7,21.5,0.571,0.095,0.695,1
Stephen Curry,2331,69,33.8,"2019",5.3,5.2,1.7,27.3,0.641,0.199,0.695,1
Kawhi Leonard,2040,60,34.0,"2019",7.3,3.3,2.2,26.6,0.606,0.224,0.707,1
Kyle Lowry,2213,65,34.0,"2019",4.8,8.7,1.9,14.2,0.562,0.144,0.707,1
Rudy Gobert,2577,81,31.8,"2019",12.9,2.0,3.1,15.9,0.682,0.268,0.61,1
James Harden,2867,78,36.8,"2019",6.6,7.5,2.8,36.1,0.616,0.254,0.646,1
Kyrie Irving,2214,67,33.0,"2019",5.0,6.9,2.0,23.8,0.592,0.197,0.598,1
Damian Lillard,2838,80,35.5,"2019",4.6,6.9,1.5,25.8,0.588,0.205,0.646,1
Nikola Jokic,2504,80,31.3,"2019",10.8,7.3,2.0,20.1,0.589,0.226,0.659,1
Victor Oladipo,1147,36,31.9,"2019",5.6,5.2,2.0,18.8,0.519,0.097,0.585,1
Paul George,2841,77,36.9,"2019",8.2,4.1,2.6,28.0,0.583,0.201,0.598,1
Russell Westbrook,2630,73,36.0,"2019",11.1,10.7,2.4,22.9,0.501,0.124,0.598,1
Ben Simmons,2700,79,34.2,"2019",8.8,7.7,2.2,16.9,0.582,0.146,0.622,1
Joel Embiid,2154,64,33.7,"2019",13.6,3.7,2.6,27.5,0.593,0.194,0.622,1
LaMarcus Aldridge,2687,81,33.2,"2019",9.2,2.4,1.9,21.3,0.576,0.167,0.585,1
Nikola Vucevic,2510,80,31.4,"2019",12.0,3.8,2.1,20.8,0.573,0.193,0.512,1
D'Angelo Russell,2448,81,30.2,"2019",3.9,7.0,1.5,21.1,0.533,0.097,0.512,1
Blake Griffin,2622,75,35.0,"2019",7.5,5.4,1.1,24.5,0.581,0.147,0.5,1
Dwyane Wade,1885,72,26.2,"2019",4.0,4.2,1.3,15.0,0.51,0.061,0.476,1
Kemba Walker,2863,82,34.9,"2019",4.4,5.9,1.7,25.6,0.558,0.123,0.476,1
Anthony Davis,1850,56,33.0,"2019",12.0,3.9,4.0,25.9,0.597,0.247,0.402,1
Dirk Nowitzki,795,51,15.6,"2019",3.1,0.7,0.5,7.3,0.469,0.016,0.402,1
Karl-Anthony Towns,2545,77,33.1,"2019",12.4,3.4,2.5,24.4,0.622,0.197,0.439,1
LeBron James,1937,55,35.2,"2019",8.5,8.3,1.9,27.4,0.588,0.179,0.451,1
Bradley Beal,3028,82,36.9,"2019",5.0,5.5,2.2,25.6,0.581,0.12,0.39,1
Giannis Antetokounmpo,1917,63,30.4,"2020",13.6,5.6,2.0,29.5,0.613,0.279,0.767,1
Khris Middleton,1853,62,29.9,"2020",6.2,4.3,1.0,20.9,0.619,0.205,0.767,1
Jayson Tatum,2265,66,34.3,"2020",7.0,3.0,2.3,23.4,0.567,0.146,0.667,1
Kemba Walker,1742,56,31.1,"2020",3.9,4.8,1.4,20.4,0.575,0.162,0.667,1
Kawhi Leonard,1848,57,32.4,"2020",7.1,4.9,2.4,27.1,0.589,0.226,0.681,1
Kyle Lowry,2098,58,36.2,"2020",5.0,7.5,1.9,19.4,0.59,0.171,0.736,1
Pascal Siakam,2110,60,35.2,"2020",7.3,3.5,1.9,22.9,0.554,0.123,0.736,1
Anthony Davis,2131,62,34.4,"2020",9.3,3.2,3.8,26.1,0.61,0.25,0.732,1
LeBron James,2316,67,34.6,"2020",7.8,10.2,1.7,25.3,0.577,0.204,0.732,1
Luka Doncic,2047,61,33.6,"2020",9.4,8.8,1.2,28.8,0.585,0.207,0.573,1
Bam Adebayo,2417,72,33.6,"2020",10.2,5.1,2.4,15.9,0.598,0.168,0.603,1
Jimmy Butler,1959,58,33.8,"2020",6.7,6.0,2.3,19.9,0.585,0.221,0.603,1
James Harden,2483,68,36.5,"2020",6.6,7.5,2.7,34.3,0.626,0.254,0.611,1
Russell Westbrook,2049,57,35.9,"2020",7.9,7.0,2.0,27.2,0.536,0.098,0.611,1
Donovan Mitchell,2364,69,34.3,"2020",4.4,4.3,1.2,24.0,0.558,0.11,0.611,1
Rudy Gobert,2333,68,34.3,"2020",13.5,1.5,2.7,15.1,0.699,0.221,0.611,1
Ben Simmons,2017,57,35.4,"2020",7.8,8.0,2.7,16.4,0.602,0.165,0.589,1
Joel Embiid,1506,51,29.5,"2020",11.6,3.0,2.2,23.0,0.59,0.192,0.589,1
Nikola Jokic,2336,73,32.0,"2020",9.7,7.0,1.8,19.9,0.605,0.202,0.63,1
Domantas Sabonis,2159,62,34.8,"2020",12.4,5.0,1.2,18.5,0.586,0.168,0.616,1
Chris Paul,2208,70,31.5,"2020",5.0,6.7,1.7,17.6,0.61,0.193,0.611,1
Devin Booker,2512,70,35.9,"2020",4.2,6.5,1.0,26.6,0.618,0.143,0.466,1
Damian Lillard,2474,66,37.5,"2020",4.3,8.0,1.4,30.0,0.627,0.225,0.473,1
Brandon Ingram,2104,62,33.9,"2020",6.1,4.2,1.6,23.8,0.587,0.115,0.417,1
Trae Young,2120,60,35.3,"2020",4.3,9.3,1.2,29.6,0.595,0.133,0.299,1
Donovan Mitchell,1771,53,33.4,"2021",4.4,5.2,1.3,26.4,0.569,0.167,0.722,1
Mike Conley,1498,51,29.4,"2021",3.5,6.0,1.5,16.2,0.589,0.197,0.722,1
Rudy Gobert,2187,71,30.8,"2021",13.5,1.3,3.2,14.3,0.683,0.248,0.722,1
Kawhi Leonard,1773,52,34.1,"2021",6.5,5.2,2.0,24.8,0.622,0.238,0.653,1
Paul George,1821,54,33.7,"2021",6.6,5.2,1.6,23.3,0.598,0.139,0.653,1
Chris Paul,2199,70,31.4,"2021",4.5,8.9,1.7,16.4,0.599,0.201,0.708,1
Devin Booker,2270,67,33.9,"2021",4.2,4.3,1.0,25.6,0.587,0.104,0.708,1
Giannis Antetokounmpo,2013,61,33.0,"2021",11.0,5.9,2.4,28.1,0.633,0.244,0.639,1
Ben Simmons,1877,58,32.4,"2021",7.2,6.9,2.2,14.3,0.584,0.153,0.681,1
Joel Embiid,1585,51,31.1,"2021",10.6,2.8,2.3,28.5,0.636,0.266,0.681,1
Nikola Jokic,2488,72,34.6,"2021",10.8,8.3,2.0,26.4,0.647,0.301,0.653,1
Kevin Durant,1157,35,33.1,"2021",7.1,5.6,2.0,26.9,0.666,0.206,0.667,1
Kyrie Irving,1886,54,34.9,"2021",4.8,6.0,2.1,26.9,0.614,0.189,0.667,1
Anthony Davis,1162,36,32.3,"2021",7.9,3.1,2.9,21.8,0.556,0.152,0.583,1
LeBron James,1504,45,33.4,"2021",7.7,7.8,1.6,25.0,0.602,0.179,0.583,1
Luka Doncic,2262,66,34.3,"2021",8.0,8.6,1.5,27.7,0.587,0.163,0.583,1
Julius Randle,2667,71,37.6,"2021",10.2,6.0,1.2,24.1,0.567,0.14,0.569,1
Damian Lillard,2398,67,35.8,"2021",4.2,7.5,1.2,28.8,0.623,0.209,0.583,1
Jaylen Brown,1999,58,34.5,"2021",6.0,3.4,1.8,24.7,0.586,0.115,0.5,1
Jayson Tatum,2290,64,35.8,"2021",7.4,4.3,1.7,26.4,0.576,0.137,0.5,1
Stephen Curry,2152,63,34.2,"2021",5.5,5.8,1.3,32.0,0.655,0.201,0.542,1
Jimmy Butler,1745,52,33.6,"2021",6.9,7.1,2.4,21.5,0.607,0.255,0.556,1
Domantas Sabonis,2231,62,36.0,"2021",12.0,6.7,1.8,20.3,0.601,0.149,0.472,1
Zion Williamson,2026,61,33.2,"2021",7.2,3.7,1.6,27.0,0.649,0.205,0.431,1
Zach LaVine,2034,58,35.1,"2021",5.0,4.9,1.3,27.4,0.634,0.138,0.431,1
Bradley Beal,2147,60,35.8,"2021",4.7,4.4,1.5,31.3,0.593,0.132,0.472,1
